dataset,filename,Inaccurate labelling,Score R,Score D,Poor quality D,Poor quality R,ann_found,subset,label
rsna_normal,3d2863ff-7e64-4e52-bfd0-c71cf596bae5.png,,0,0,,,Yes,train,Normal
rsna_normal,12e124f0-b4dc-4097-96b5-b430c38c14e4.png,,0,0,,,Yes,train,Normal
rsna_normal,3bbe6098-7c9b-4f17-ac6b-e0c68b0e0af2.png,,0,0,,,Yes,train,Normal
rsna_normal,44a1a8df-9257-43ee-a174-b98ef5d2277b.png,,0,0,,,Yes,train,Normal
rsna_normal,402c68a6-62b1-4a22-8c40-631c32ac86fd.png,,0,0,,,Yes,train,Normal
rsna_normal,4a7971e0-a4f4-453f-8263-c64ad56f4920.png,,0,0,,,Yes,train,Normal
rsna_normal,45e68e57-b15d-4e74-b984-ebbb3a8c2ccd.png,,0,0,,,Yes,train,Normal
rsna_normal,2af2b9f2-500a-429f-a7cf-7b47ee4f3220.png,,0,0,,,Yes,train,Normal
rsna_normal,49bf391c-a623-4e5d-b6e6-818f85cd52d0.png,,0,0,,,Yes,train,Normal
rsna_normal,2dcdd159-2889-48d3-a0ce-5c7b1086c49d.png,,0,0,,,Yes,train,Normal
rsna_normal,17aba977-7b64-47b0-acb0-d41abba1fcbc.png,,0,0,,,Yes,train,Normal
rsna_normal,482337a5-eda2-468d-ba86-332065f97bbc.png,,0,0,,,Yes,train,Normal
rsna_normal,0a3227d3-c8df-44fc-b1cb-fb0eb743f79f.png,,0,0,,,Yes,train,Normal
rsna_normal,41d8f17e-030a-4565-9c40-2b5e9e9e993d.png,,0,0,,,Yes,train,Normal
rsna_normal,0634d937-1be6-475e-a5fd-dc9a2b6a8da6.png,,0,0,,,Yes,train,Normal
rsna_normal,20db11bd-2bd8-46d7-b2d3-77b8d4d8ec67.png,,0,0,,,Yes,train,Normal
rsna_normal,327f6fa3-c224-47b7-ae5b-6f5c54fc2208.png,,0,0,,,Yes,train,Normal
rsna_normal,484a4f31-82d5-4ab1-9213-1566ae6ca14e.png,,0,0,,,Yes,train,Normal
rsna_normal,46af7496-327e-4f5d-ada2-b052ada8fb36.png,,0,0,,,Yes,train,Normal
rsna_normal,38a2d9bc-5487-4abd-8431-698574ab58be.png,,0,0,,,Yes,train,Normal
rsna_normal,348c2e71-9dd4-40dc-8e09-0fa4dfa8db5e.png,,0,0,,,Yes,train,Normal
rsna_normal,0906b366-f454-4c62-88fc-caf7ffb5d36b.png,,0,0,,,Yes,train,Normal
rsna_normal,4008c30f-3e6e-486f-94d6-5b462b7f234c.png,,0,0,,,Yes,train,Normal
rsna_normal,436dce2a-06c3-4281-bb8e-840497a49381.png,,0,0,,,Yes,train,Normal
rsna_normal,3a0832d6-76d6-4915-945c-2ea769faabb3.png,,0,0,,,Yes,train,Normal
rsna_normal,481ff753-4106-405c-962e-a3f1c1e3bc37.png,,0,0,,,Yes,train,Normal
rsna_normal,3b31cd2d-db9f-4671-8adc-c41203f013ae.png,,0,0,,,Yes,train,Normal
rsna_normal,32f38c16-cd6b-42f0-8a20-68115d2ce57f.png,,0,0,,,Yes,train,Normal
rsna_normal,31df0417-e221-44e1-8629-34a3f0b01d35.png,,0,0,,,Yes,train,Normal
rsna_normal,4b76319b-47c3-466b-80f2-6dc1e046b0ba.png,,0,0,,,Yes,train,Normal
rsna_normal,0a63a331-3e17-4e23-8a9f-f7a4ec850a1b.png,,0,0,,,Yes,train,Normal
rsna_normal,3ecb102b-21f1-49bd-babe-32c3c0e32e48.png,,0,0,,,Yes,train,Normal
rsna_normal,3e9a7227-3806-4b23-a51a-5a193896b83b.png,,0,0,,,Yes,train,Normal
rsna_normal,18a5c559-5563-47e2-b26a-8b20f7250ab0.png,,0,0,,,Yes,train,Normal
rsna_normal,3ad6c385-b799-4f5b-bcd1-5ec66a35293d.png,,0,0,,,Yes,train,Normal
rsna_normal,097df78d-7101-478a-9e33-2748a084e01e.png,,0,0,,,Yes,train,Normal
rsna_normal,3ce7cd1e-20d7-4892-b0a3-1092f5d27f09.png,,0,0,,,Yes,train,Normal
rsna_normal,49cda5b8-d41d-4b34-b25b-b92520b65ea5.png,,0,0,,,Yes,train,Normal
rsna_normal,07888d77-acd2-4e12-9f43-9272ae1cfe9e.png,,0,0,,,Yes,train,Normal
rsna_normal,0ae5ae70-e9a3-4214-93d0-0834f0cd4835.png,,0,0,,,Yes,train,Normal
rsna_normal,46863727-a70d-48a9-8497-fffabd1193fe.png,,0,0,,,Yes,train,Normal
rsna_normal,01f0f4bf-e678-430e-b43d-2968e2c4976c.png,,0,0,,,Yes,train,Normal
rsna_normal,3566e80a-4e2e-40c3-b077-7669ee9bd5ba.png,,0,0,,,Yes,train,Normal
rsna_normal,2a2bac32-d7a3-4475-bcda-e8680c7fb3f9.png,,0,0,,,Yes,train,Normal
rsna_normal,188efa57-599d-43d2-baa2-8d1d54edd073.png,,0,0,,,Yes,train,Normal
rsna_normal,3a1a5ffc-ed1b-4e5f-9358-bb67ed1e6a2d.png,,0,0,,,Yes,train,Normal
rsna_normal,48a74e9c-c0bb-4eeb-85f7-6ca980152001.png,,0,0,,,Yes,train,Normal
rsna_normal,0716f059-34cb-4046-ae86-46b47756fc2b.png,,0,0,,,Yes,train,Normal
rsna_normal,338b6023-f922-4ac8-b54b-8e8637fb0fe8.png,,0,0,,,Yes,train,Normal
rsna_normal,3b1bead0-08fc-4f1c-acad-7fef601ebeaa.png,,0,0,,,Yes,train,Normal
rsna_normal,2b74be46-2b42-4baf-9c9c-cc253e766a56.png,,0,0,,,Yes,train,Normal
rsna_normal,3ec0d348-9d0a-4f8a-8dfa-45e576ef62cc.png,,0,0,,,Yes,train,Normal
rsna_normal,16d4d825-3334-424d-9bfe-0e6fb28c678a.png,,0,0,,,Yes,train,Normal
rsna_normal,3514e23d-3fbf-4695-9e81-ce5a83212984.png,,0,0,,,Yes,train,Normal
rsna_normal,424ad99a-335c-4113-9278-a33e920b0164.png,,0,0,,,Yes,train,Normal
rsna_normal,4ade4645-44d9-45a1-b574-5d1718c1e76c.png,,0,0,,,Yes,train,Normal
rsna_normal,180edf81-c77b-415e-a34f-da706c7794c9.png,,0,0,,,Yes,train,Normal
rsna_normal,450aba30-d819-44a8-afd6-b86960a91d08.png,,0,0,,,Yes,train,Normal
rsna_normal,07534f30-58a1-4043-b70e-156cdfafe1c6.png,,0,0,,,Yes,train,Normal
rsna_normal,4b04ae4f-7d4d-44ea-aec7-5d8e673e8ce5.png,,0,0,,,Yes,train,Normal
rsna_normal,0759abcb-6e42-4837-956f-d4e8a4cd3537.png,,0,0,,,Yes,train,Normal
rsna_normal,45b2e43d-248d-4834-aa2f-030fbdca3e3d.png,,0,0,,,Yes,train,Normal
rsna_normal,3a357cae-dd8e-4fb0-8952-1cc69ab04d0b.png,,0,0,,,Yes,train,Normal
rsna_normal,181f1705-1f44-4768-8f36-547c4e7c4d90.png,,0,0,,,Yes,train,Normal
rsna_normal,3edf8f40-1606-41ac-874d-779068f55b49.png,,0,0,,,Yes,train,Normal
rsna_normal,3454a6ae-2660-44c8-b15a-0f8a65ba0c6e.png,,0,0,,,Yes,train,Normal
rsna_normal,44c61fc8-0540-4180-8914-2961879067ea.png,,0,0,,,Yes,train,Normal
rsna_normal,3e37f26f-6865-4d73-ab01-4daec24acaab.png,,0,0,,,Yes,train,Normal
rsna_normal,17bd6f06-c2f5-4640-bfa3-b3777a6a1a0a.png,,0,0,,,Yes,train,Normal
rsna_normal,4a8d9d7e-0723-4267-af11-5efdc877aead.png,,0,0,,,Yes,train,Normal
rsna_normal,1586d88a-b10a-44ba-9584-f838ef1de02c.png,,0,0,,,Yes,train,Normal
rsna_normal,3e5b62ec-4b34-4f62-bb84-7b67421cb37c.png,,0,0,,,Yes,train,Normal
rsna_normal,3c625ae7-a036-4bf1-9984-257e233ed907.png,,0,0,,,Yes,train,Normal
rsna_normal,33d0cdc3-7f8b-4d34-a81a-297f340136a4.png,,0,0,,,Yes,train,Normal
rsna_normal,1ba35bfc-7641-42cd-9988-260fd0f82be1.png,,0,0,,,Yes,train,Normal
rsna_normal,1819f120-e9c3-49a9-aeca-edf35d7a9c90.png,,0,0,,,Yes,train,Normal
rsna_normal,42be7116-b6ec-484c-918f-997abe7007ee.png,,0,0,,,Yes,train,Normal
rsna_normal,4346c085-9210-43e2-8435-37653aecbe68.png,,0,0,,,Yes,train,Normal
rsna_normal,4ab7037d-0c66-41ac-a1fc-964b638f6054.png,,0,0,,,Yes,train,Normal
rsna_normal,479c8352-38cc-4af7-87f0-125b8f1564bb.png,,0,0,,,Yes,train,Normal
rsna_normal,0824dce4-e0fa-4129-adc8-224c6afa6bc2.png,,0,0,,,Yes,train,Normal
rsna_normal,3c313509-8707-4fab-be4b-770fd8cbdb07.png,,0,0,,,Yes,train,Normal
rsna_normal,41c58e05-2844-472a-8e46-74e5eb4edf43.png,,0,0,,,Yes,train,Normal
rsna_normal,3df4ad7a-a371-43bf-bf9b-14190c08944f.png,,0,0,,,Yes,train,Normal
rsna_normal,0ad17cb4-c693-4ac1-9bfb-8e7660c265a2.png,,0,0,,,Yes,train,Normal
rsna_normal,38bcec1b-934b-4122-85b7-03eb838288ca.png,,0,0,,,Yes,train,Normal
rsna_normal,3df4d7f3-b9d6-460b-acfb-ddd76bd27ae9.png,,0,0,,,Yes,train,Normal
rsna_normal,302b8a1f-67db-40c6-94ad-d35ffcdc1200.png,,0,0,,,Yes,train,Normal
rsna_normal,2131a5d5-d3ca-4ce1-97a7-4ae34ef0d19f.png,,0,0,,,Yes,train,Normal
rsna_normal,4815cce8-5790-4c0d-9b3e-54a51a14de68.png,,0,0,,,Yes,train,Normal
rsna_normal,3ebf4e25-fb47-4040-a1f3-236fdad3e0f7.png,,0,0,,,Yes,train,Normal
rsna_normal,39c9fa1b-d758-4985-86cc-ad6e8f5f2171.png,,0,0,,,Yes,train,Normal
rsna_normal,1e74323d-d449-4a93-aad8-2df912970b1c.png,,0,0,,,Yes,train,Normal
rsna_normal,3c7077cc-37d7-44fc-81f7-70934c4cfc5f.png,,0,0,,,Yes,train,Normal
rsna_normal,06cb14bf-b134-4ad0-840b-8cf278559d66.png,,0,0,,,Yes,train,Normal
rsna_normal,2f801269-70c2-4987-a479-e25b91767ee1.png,,0,0,,,Yes,train,Normal
rsna_normal,2e497e99-5aec-4290-bf40-0bb9041973dd.png,,0,0,,,Yes,train,Normal
rsna_normal,428c8726-e0db-4300-af7d-c960f086d730.png,,0,0,,,Yes,train,Normal
rsna_normal,07015c3f-79d8-4340-9baf-255b2a5418bd.png,,0,0,,,Yes,train,Normal
rsna_normal,158d5bc5-bafd-47da-a827-dbbd36a15f76.png,,0,0,,,Yes,train,Normal
rsna_normal,113850e1-6d28-4d63-bc5e-807ab3213995.png,,0,0,,,Yes,train,Normal
rsna_normal,4698e391-5722-4947-a6f7-ff1fce632746.png,,0,0,,,Yes,train,Normal
rsna_normal,16f5be73-4905-4c43-aab6-83903ff468f3.png,,0,0,,,Yes,train,Normal
rsna_normal,06605bfa-0370-4979-a2bd-11173002abd1.png,,0,0,,,Yes,train,Normal
rsna_normal,0a29f841-b738-499a-bc8e-0589de77ef82.png,,0,0,,,Yes,train,Normal
rsna_normal,4794359b-25af-4ed9-859d-3a0bdf1e4868.png,,0,0,,,Yes,train,Normal
rsna_normal,16dc124a-6316-41a3-bf19-2f2346e56f7c.png,,0,0,,,Yes,train,Normal
rsna_normal,41bd3bce-27fe-4ac5-b972-058614eab7ac.png,,0,0,,,Yes,train,Normal
rsna_normal,3957d078-d848-4fa9-a3cb-3e2fb963dd9f.png,,0,0,,,Yes,train,Normal
rsna_normal,069554dc-f5b0-4947-be4c-873dd6360b5a.png,,0,0,,,Yes,train,Normal
rsna_normal,32e485ee-b61b-4ebc-8eed-e8a1c7671809.png,,0,0,,,Yes,train,Normal
rsna_normal,3fafd8bd-2ec9-4d78-be49-52b5f74ff088.png,,0,0,,,Yes,train,Normal
rsna_normal,47967829-ae4e-49db-bdc8-07112fe86862.png,,0,0,,,Yes,train,Normal
rsna_normal,4799182a-1587-4b92-809f-cbac8ddbeb51.png,,0,0,,,Yes,train,Normal
rsna_normal,0889b108-8f03-4fef-9ef3-5ddabde15ce7.png,,0,0,,,Yes,train,Normal
rsna_normal,4ba3e640-eb0a-4f4f-900c-af7405bc1790.png,,0,0,,,Yes,train,Normal
rsna_normal,36f9e046-7b55-498e-97e9-6c6cdcef36e1.png,,0,0,,,Yes,train,Normal
rsna_normal,159b6cd1-8a7f-419a-a299-db96e99d8ab4.png,,0,0,,,Yes,train,Normal
rsna_normal,436e1ed4-19da-4d91-bae2-b06eec8c1a6a.png,,0,0,,,Yes,train,Normal
rsna_normal,41e6698f-96a6-4072-ade5-e018a57c0460.png,,0,0,,,Yes,train,Normal
rsna_normal,3febbe1c-f386-4ced-b8a6-2047f56f33d5.png,,0,0,,,Yes,train,Normal
rsna_normal,397fe03a-f56e-4903-8132-8494d0e9f82c.png,,0,0,,,Yes,train,Normal
rsna_normal,083e7d20-cee0-482e-acb5-029868b78fb8.png,,0,0,,,Yes,train,Normal
rsna_normal,40caa346-8524-4331-9559-1676b16700de.png,,0,0,,,Yes,train,Normal
rsna_normal,24e11e90-9a36-4ee9-8e27-6b58ba9ecab1.png,,0,0,,,Yes,train,Normal
rsna_normal,38d37747-f284-4263-8bc2-2ff3f085a1b8.png,,0,0,,,Yes,train,Normal
rsna_normal,49a26c5e-fb2f-461e-a334-e81b64fab96f.png,,0,0,,,Yes,train,Normal
rsna_normal,4adb5025-fc0c-4bc2-9505-5d273fdfd56e.png,,0,0,,,Yes,train,Normal
rsna_normal,27f50647-8355-4a2f-91ba-ba3f1ea540d0.png,,0,0,,,Yes,train,Normal
rsna_normal,4b2202b8-450a-4ad4-bc23-cae89f7fcbd1.png,,0,0,,,Yes,train,Normal
rsna_normal,15c262ab-4ec6-4b19-8172-3aaf662e05c3.png,,0,0,,,Yes,train,Normal
rsna_normal,328ffa15-a1fe-4d51-865e-aa4c1855c9df.png,,0,0,,,Yes,train,Normal
rsna_normal,068ae297-8397-463e-927e-cb6693aeb8b5.png,,0,0,,,Yes,train,Normal
rsna_normal,42ce26f3-8606-4143-9fbc-70d461ce377b.png,,0,0,,,Yes,train,Normal
rsna_normal,43d4fb57-af71-459e-9494-f6d9205ff6cf.png,,0,0,,,Yes,train,Normal
rsna_normal,3a54fc42-0d7a-460e-8f19-2e353a01795a.png,,0,0,,,Yes,train,Normal
rsna_normal,18d7168c-8b0f-4168-96f7-b60be52712eb.png,,0,0,,,Yes,train,Normal
rsna_normal,3357df4d-ef33-4050-b5d5-3f45d6407580.png,,0,0,,,Yes,train,Normal
rsna_normal,36c82e78-4a3f-45f0-94c1-27357fc79aa7.png,,0,0,,,Yes,train,Normal
rsna_normal,350f6ea5-e123-4a2b-935d-b48fcbf0c17a.png,,0,0,,,Yes,train,Normal
rsna_normal,0598a87e-6a8a-4439-a6ec-cd3395636b30.png,,0,0,,,Yes,train,Normal
rsna_normal,32187df2-931a-456c-a4b7-c447e2039f7a.png,,0,0,,,Yes,train,Normal
rsna_normal,45dddc96-f7e8-4dcf-94b1-34349c0ffdc2.png,,0,0,,,Yes,train,Normal
rsna_normal,35a8878c-2ffb-4774-98ab-5915360878d8.png,,0,0,,,Yes,train,Normal
rsna_normal,3be3e148-e972-460b-afc5-95c976fd1e06.png,,0,0,,,Yes,train,Normal
rsna_normal,33f3c9d7-b9ff-45a2-bb59-c6e9d5cf1454.png,,0,0,,,Yes,train,Normal
rsna_normal,348cedc4-4e08-4bae-b5dc-d68fe804aa65.png,,0,0,,,Yes,train,Normal
rsna_normal,3b977435-19c7-4f6f-bb33-d19e184c602c.png,,0,0,,,Yes,train,Normal
rsna_normal,0a828af6-b7c6-4757-88e4-dea54fe6cdc9.png,,0,0,,,Yes,train,Normal
rsna_normal,091ab452-0ea2-4f1b-b853-20b0031f1f99.png,,0,0,,,Yes,train,Normal
rsna_normal,385c5485-7307-464b-a0b5-a4a6612d8bd2.png,,0,0,,,Yes,train,Normal
rsna_normal,4a42a757-7a81-4417-b0cc-00d8496f6531.png,,0,0,,,Yes,train,Normal
rsna_normal,44c8b746-13a7-4245-a82a-b61d8b5ba562.png,,0,0,,,Yes,train,Normal
rsna_normal,3c6afc4b-f292-4064-ae8b-06d3439d1d27.png,,0,0,,,Yes,train,Normal
rsna_normal,060c4f8a-f04f-4f46-88fc-3d0b90f3608c.png,,0,0,,,Yes,train,Normal
rsna_normal,40a7d1e6-5d61-4f57-aab5-f00928e6be5b.png,,0,0,,,Yes,train,Normal
rsna_normal,08ec2d3b-bc62-47c6-b0ce-632f8dbbdb21.png,,0,0,,,Yes,train,Normal
rsna_normal,011d6f51-b732-4d45-a84d-90477325ef2d.png,,0,0,,,Yes,train,Normal
rsna_normal,053f400c-145d-4770-841c-3ea961bb3644.png,,0,0,,,Yes,train,Normal
rsna_normal,2ce0ef42-0fda-43a3-a224-d0c8c43d7ddd.png,,0,0,,,Yes,train,Normal
rsna_normal,474796e8-4c5f-41c7-b627-4cfd98ed0f6b.png,,0,0,,,Yes,train,Normal
rsna_normal,1bd18b4d-879c-470a-b36a-9d883fb57268.png,,0,0,,,Yes,train,Normal
rsna_normal,01f0d9cc-f69e-471a-987a-be73a36e18cc.png,,0,0,,,Yes,train,Normal
rsna_normal,45f6f998-f783-4c40-b4dc-4bef22f4c503.png,,0,0,,,Yes,train,Normal
rsna_normal,496d881e-186d-4035-9754-fc458d63e97c.png,,0,0,,,Yes,train,Normal
rsna_normal,45ebc3a3-ab24-48c1-bc76-ced6a7f8e081.png,,0,0,,,Yes,train,Normal
rsna_normal,3921e471-1f0b-4953-84d9-0e8353ab105e.png,,0,0,,,Yes,train,Normal
rsna_normal,43a001a3-43e0-4627-8f4e-194f570d1878.png,,0,0,,,Yes,train,Normal
rsna_normal,35d9107b-47a5-4f5a-a16e-02ead11481bb.png,,0,0,,,Yes,train,Normal
rsna_normal,4769fa12-e694-48ce-ad4e-0628e5dd75f0.png,,0,0,,,Yes,train,Normal
rsna_normal,40af1ae1-9caf-4e7a-9875-fb5e7eeb20cd.png,,0,0,,,Yes,train,Normal
rsna_normal,3ba4f6d7-e386-444e-8e99-6ae2e9f06888.png,,0,0,,,Yes,train,Normal
rsna_normal,2458db44-f35a-4251-bebf-19514b25fd1c.png,,0,0,,,Yes,train,Normal
rsna_normal,404103db-00f3-48a3-a812-ed54ff2761d4.png,,0,0,,,Yes,train,Normal
rsna_normal,15b84543-6888-481e-bdb1-f177de3d1f14.png,,0,0,,,Yes,train,Normal
rsna_normal,4bb260cc-acf9-4392-8091-6affb568b589.png,,0,0,,,Yes,train,Normal
rsna_normal,49b4f1d3-7504-4754-be82-923a7861c027.png,,0,0,,,Yes,train,Normal
rsna_normal,2a2f58c6-73d5-4e72-82ec-e07daa759544.png,,0,0,,,Yes,train,Normal
rsna_normal,3ed451f4-ff11-489e-9d3f-c7abf1c696be.png,,0,0,,,Yes,train,Normal
rsna_normal,490bfbde-9177-4544-bc0b-f5b33d3f6bb5.png,,0,0,,,Yes,train,Normal
rsna_normal,15911a40-9cb6-404c-b601-4e3b2846d7a9.png,,0,0,,,Yes,train,Normal
rsna_normal,355ca2f6-2947-4f1f-9d21-a876bd6df049.png,,0,0,,,Yes,train,Normal
rsna_normal,275f9fff-2439-4f3f-9c48-7c21f348701a.png,,0,0,,,Yes,train,Normal
rsna_normal,17b391e7-f5dd-4fff-99ae-d4d9959d2408.png,,0,0,,,Yes,train,Normal
rsna_normal,44931a76-76ce-4e74-98a6-5db04dc4d8b4.png,,0,0,,,Yes,train,Normal
rsna_normal,468a6731-0bd8-4e30-8473-fcdd2998fc82.png,,0,0,,,Yes,train,Normal
rsna_normal,161b37c9-c40d-4472-bd1d-78af28542ff4.png,,0,0,,,Yes,train,Normal
rsna_normal,47f9b094-3b65-45f9-a14c-0a96f4054f5b.png,,0,0,,,Yes,train,Normal
rsna_normal,4444f78e-c9ec-40c3-b8e4-867279366c8b.png,,0,0,,,Yes,train,Normal
rsna_normal,403f65d5-6590-4cee-8b94-134683648f09.png,,0,0,,,Yes,train,Normal
rsna_normal,4b004c64-d809-4309-9840-bdf38aaed74a.png,,0,0,,,Yes,train,Normal
rsna_normal,4b8fa5cb-16c1-40e2-8ed4-cd6a40e24049.png,,0,0,,,Yes,train,Normal
rsna_normal,3d983044-375b-4642-85ce-911e7595b54f.png,,0,0,,,Yes,train,Normal
rsna_normal,426bfed0-77df-4ccb-a210-a5e01fdfbc35.png,,0,0,,,Yes,train,Normal
rsna_normal,449c2ba1-7948-4039-8b60-2511194b7426.png,,0,0,,,Yes,train,Normal
rsna_normal,2d85bce0-9c45-4ba4-832d-ac65bd3cb601.png,,0,0,,,Yes,train,Normal
rsna_normal,3da2bcda-200a-40ef-897c-ba6ef6a4cdad.png,,0,0,,,Yes,train,Normal
rsna_normal,0a5a6574-d94d-441f-afe4-115ba66b322e.png,,0,0,,,Yes,train,Normal
rsna_normal,1b481533-5159-476a-bc44-7dbd81d5ba18.png,,0,0,,,Yes,train,Normal
rsna_normal,18287dd8-6e84-424c-914d-c549680d1b9f.png,,0,0,,,Yes,train,Normal
rsna_normal,40de7d48-6a58-44e5-bfe0-1300057f8d85.png,,0,0,,,Yes,train,Normal
rsna_normal,35c50ffe-4ebf-4683-8d35-ede4ce6e4a75.png,,0,0,,,Yes,train,Normal
rsna_normal,190f704c-8ae7-47aa-9d40-e1435ec90fe2.png,,0,0,,,Yes,train,Normal
rsna_normal,41a32ec6-3e48-4567-83af-253892292346.png,,0,0,,,Yes,train,Normal
rsna_normal,37b16c54-600a-408b-b358-adbcc3ee24e5.png,,0,0,,,Yes,train,Normal
rsna_normal,31461de0-0296-4b59-bb18-312dd2a61ef0.png,,0,0,,,Yes,train,Normal
rsna_normal,2bddaf3a-8640-4dd8-843a-27544b085e65.png,,0,0,,,Yes,train,Normal
rsna_normal,44e28616-f4ba-466d-b345-e084a38674d6.png,,0,0,,,Yes,train,Normal
rsna_normal,3a4b7e29-be9d-406f-ab6a-a624e94f727a.png,,0,0,,,Yes,train,Normal
rsna_normal,39ab581e-bbd8-454e-8e32-8384ea206b64.png,,0,0,,,Yes,train,Normal
rsna_normal,364aa43b-3693-4c51-a0d0-78c286262540.png,,0,0,,,Yes,train,Normal
rsna_normal,33ef7198-c976-4bb9-82ba-9ed9a73350ac.png,,0,0,,,Yes,train,Normal
rsna_normal,37459825-697e-4077-9d95-0b800d85ac7c.png,,0,0,,,Yes,train,Normal
rsna_normal,49faf39c-841b-4131-a531-ca3c84590867.png,,0,0,,,Yes,train,Normal
rsna_normal,36113737-c1e4-4261-96aa-5ebd75f3b60b.png,,0,0,,,Yes,train,Normal
rsna_normal,0280a39c-4891-4a7b-8073-710c3f5577a3.png,,0,0,,,Yes,train,Normal
rsna_normal,0977f16c-c343-42c9-95ed-d7ca996feb16.png,,0,0,,,Yes,train,Normal
rsna_normal,06bc1cfe-23a0-43a4-a01b-dfa10314bbb0.png,,0,0,,,Yes,train,Normal
rsna_normal,3bcaf9a6-5613-4b1d-b538-eaf47ba4e62a.png,,0,0,,,Yes,train,Normal
rsna_normal,49f20ab0-dde4-4ac6-8323-950a6bfa4123.png,,0,0,,,Yes,train,Normal
rsna_normal,2c46620c-e440-4dde-b107-30f9fdc6f619.png,,0,0,,,Yes,train,Normal
rsna_normal,49c6d263-2d57-435f-a75c-1dd20f0bf4cf.png,,0,0,,,Yes,train,Normal
rsna_normal,40abf906-d723-4ea3-ac96-b940c8bb33b1.png,,0,0,,,Yes,train,Normal
rsna_normal,0700bc73-b6e3-412e-9e2f-aa0b83424804.png,,0,0,,,Yes,train,Normal
rsna_normal,4bb59996-a064-487d-a51b-09ebcf4a27ca.png,,0,0,,,Yes,train,Normal
rsna_normal,3dd1b743-1aa3-44af-8bfd-5d02e988a7e1.png,,0,0,,,Yes,train,Normal
rsna_normal,15f173c9-43b4-43b7-9dde-ff87543b959f.png,,0,0,,,Yes,train,Normal
rsna_normal,413acb21-28fa-4036-8a09-2cf7b752978e.png,,0,0,,,Yes,train,Normal
rsna_normal,379ead0e-f5dc-435b-aea0-3cc8e808de11.png,,0,0,,,Yes,train,Normal
rsna_normal,0609cacd-b9a6-485f-a6f1-5bb7b88db8dd.png,,0,0,,,Yes,train,Normal
rsna_normal,3c2ffd0c-b04c-4a9c-84df-09ec201f55ff.png,,0,0,,,Yes,train,Normal
rsna_normal,3839ce1a-14c9-40db-9f31-53c84760f1aa.png,,0,0,,,Yes,train,Normal
rsna_normal,4220da96-cd03-47c3-b573-34610582789e.png,,0,0,,,Yes,train,Normal
rsna_normal,3454c720-b91a-4605-99cb-b0e207aa4df7.png,,0,0,,,Yes,train,Normal
rsna_normal,07aeb82e-773b-4498-95c0-fabdf4985bb2.png,,0,0,,,Yes,train,Normal
rsna_normal,366e8aa6-2b32-47b1-955d-1246bb000c1f.png,,0,0,,,Yes,train,Normal
rsna_normal,387ae1ba-6db4-4045-b41d-fec998d94944.png,,0,0,,,Yes,train,Normal
rsna_normal,40a9e10b-f872-4c72-a482-7187e2dca6ed.png,,0,0,,,Yes,train,Normal
rsna_normal,3537a092-af77-448a-9cfb-f28903403012.png,,0,0,,,Yes,train,Normal
rsna_normal,39dc2e50-46a1-409e-ad59-98c33d300f2a.png,,0,0,,,Yes,train,Normal
rsna_normal,386f7c2b-e577-45b4-9ab5-30caee17a20f.png,,0,0,,,Yes,train,Normal
rsna_normal,33dbca25-e1c9-4bcf-a8a7-4fa716e8a53a.png,,0,0,,,Yes,train,Normal
rsna_normal,3f22a855-15e3-478a-9bf3-e7a37f860c90.png,,0,0,,,Yes,train,Normal
rsna_normal,17fc4b35-5736-4105-a316-ae5b5eb18b60.png,,0,0,,,Yes,train,Normal
rsna_normal,48ec3f92-0ffb-4501-b389-86c9084134c0.png,,0,0,,,Yes,train,Normal
rsna_normal,4085a949-e9bb-4a96-b6ca-e1adac52d2ea.png,,0,0,,,Yes,train,Normal
rsna_normal,4a0ac288-abcc-4e82-9080-c8d921cc35c5.png,,0,0,,,Yes,train,Normal
rsna_normal,34af7b68-8982-4bfd-bd8a-af266418906c.png,,0,0,,,Yes,train,Normal
rsna_normal,1c68a559-e415-4891-9525-426515342d1f.png,,0,0,,,Yes,train,Normal
rsna_normal,17ad2599-0077-4b6d-b9dc-e80efcb9c815.png,,0,0,,,Yes,train,Normal
rsna_normal,09794a15-ea37-41f8-8a0e-a56a9a93eaa6.png,,0,0,,,Yes,train,Normal
rsna_normal,1bd9de29-597c-4cba-8581-83355af4c667.png,,0,0,,,Yes,train,Normal
rsna_normal,3d8c988b-436b-4a44-a2e1-88dee1351ae1.png,,0,0,,,Yes,train,Normal
rsna_normal,0964504e-56bf-42b2-bca7-0147fb2c1358.png,,0,0,,,Yes,train,Normal
rsna_normal,1afd6582-da9d-4e5a-a81f-62a188fe9366.png,,0,0,,,Yes,train,Normal
rsna_normal,08bc9387-94f1-4ce8-8958-15864bca9052.png,,0,0,,,Yes,train,Normal
rsna_normal,4b683e1c-daf2-4d2d-a3b2-48fbfba80601.png,,0,0,,,Yes,train,Normal
rsna_normal,3c87fabf-5d43-4d3e-8c5f-1e6eb2e82b73.png,,0,0,,,Yes,train,Normal
rsna_normal,36a7f067-ace1-4aa2-baba-c1b401354156.png,,0,0,,,Yes,train,Normal
rsna_normal,3f7c26fc-eff6-49b3-bd18-b3b58dfdf161.png,,0,0,,,Yes,train,Normal
rsna_normal,3a1a4ced-150a-46a2-9977-586bd65a8db9.png,,0,0,,,Yes,train,Normal
rsna_normal,43d6213c-6a48-40f1-8021-dfbc48cdda7c.png,,0,0,,,Yes,train,Normal
rsna_normal,316bacdf-2388-4daa-bfce-cc632dcb4f79.png,,0,0,,,Yes,train,Normal
rsna_normal,1965d2d8-496d-431e-b9fe-a04f9dbbbc16.png,,0,0,,,Yes,train,Normal
rsna_normal,174dea20-4712-4425-8328-b0a38e8f88ef.png,,0,0,,,Yes,train,Normal
rsna_normal,3b7062c5-6436-4190-8b82-a605faf55614.png,,0,0,,,Yes,train,Normal
rsna_normal,3c3f7a08-29c4-4773-8ae1-e32418e018c9.png,,0,0,,,Yes,train,Normal
rsna_normal,05b5185a-e24a-424e-a62f-4e32c1e5a4b3.png,,0,0,,,Yes,train,Normal
rsna_normal,36f94503-a86a-40a5-9f78-7243626f27ac.png,,0,0,,,Yes,train,Normal
rsna_normal,3a0dc1e6-cfac-412d-a6c2-70c69236ee6a.png,,0,0,,,Yes,train,Normal
rsna_normal,33f64978-7afc-4831-9546-bc93c2c817f3.png,,0,0,,,Yes,train,Normal
rsna_normal,4bb8ad0b-398b-4eb9-8430-ad73bcc19727.png,,0,0,,,Yes,train,Normal
rsna_normal,3d72c8da-a547-41f2-9f4b-0dbc9ca9e0ea.png,,0,0,,,Yes,train,Normal
rsna_normal,16b3b4a2-5039-4977-ba35-73bf84fcc565.png,,0,0,,,Yes,train,Normal
rsna_normal,0838fe18-1e25-4d02-8287-7692d2a5bb57.png,,0,0,,,Yes,train,Normal
rsna_normal,0ae6a60a-7657-4fa4-8f64-2aa088c4cd7c.png,,0,0,,,Yes,train,Normal
rsna_normal,0803b0fa-c026-40d3-b9b6-43b843d17632.png,,0,0,,,Yes,train,Normal
rsna_normal,3896f30b-0ad5-43e7-a874-aa162a643e50.png,,0,0,,,Yes,train,Normal
rsna_normal,496eb4bf-5c74-45a4-8a4f-642b350e4cb9.png,,0,0,,,Yes,train,Normal
rsna_normal,178ab0a6-5c4c-4cae-8572-3705352f20fc.png,,0,0,,,Yes,train,Normal
rsna_normal,07444c7a-580b-4494-a883-3b33361a24ac.png,,0,0,,,Yes,train,Normal
rsna_normal,3fd5687e-bc16-4802-a44e-163f667882e4.png,,0,0,,,Yes,train,Normal
Actualmed-COVID-chestxray-dataset,CR.1.2.840.113564.1722810170.20200324165957625920.1003000225002.png,,3,,,,Yes,train,COVID-19
Actualmed-COVID-chestxray-dataset,DX.1.2.840.113564.1722810162.20200405142816863980.1203801020003.png,,2,,,,Yes,train,COVID-19
Actualmed-COVID-chestxray-dataset,CR.1.2.840.113564.1722810170.20200320072856343530.1003000225002.png,,5,,,,Yes,train,COVID-19
Actualmed-COVID-chestxray-dataset,DX.1.2.840.113564.1722810162.20200331100140006240.1203801020003.png.bmp,,,,,,Yes,train,COVID-19
Actualmed-COVID-chestxray-dataset,CR.1.2.840.113564.1722810170.202003211812003285.1003000225002.png,,2,,,,Yes,train,COVID-19
Actualmed-COVID-chestxray-dataset,CR.1.2.840.113564.1722810170.20200321001546031810.1003000225002.png,,4,,,,Yes,train,COVID-19
Actualmed-COVID-chestxray-dataset,CR.1.2.840.113564.1722810170.20200327151518468570.1003000225002.png,,1,,,,Yes,train,COVID-19
Actualmed-COVID-chestxray-dataset,CR.1.2.840.113564.1722810170.20200321002029359840.1003000225002.png,,2,,,,Yes,train,COVID-19
Actualmed-COVID-chestxray-dataset,CR.1.2.840.113564.1722810170.20200403211237078970.1003000225002.png,,3,,,,Yes,train,COVID-19
Actualmed-COVID-chestxray-dataset,CR.1.2.840.113564.1722810170.20200416110930703890.1003000225002.png,,3,,,,Yes,train,COVID-19
Actualmed-COVID-chestxray-dataset,CR.1.2.840.113564.1722810170.20200320071047906500.1003000225002.png,,4,,,,Yes,train,COVID-19
Actualmed-COVID-chestxray-dataset,CR.1.2.840.113564.1722810170.20200318082923328940.1003000225002.png,,2,,,,Yes,train,COVID-19
Actualmed-COVID-chestxray-dataset,DX.1.2.840.113564.1722810162.20200326172257446270.1203801020003.png.bmp,,3,,,,Yes,train,COVID-19
Actualmed-COVID-chestxray-dataset,DX.1.2.840.113564.1722810162.20200415105839964650.1203801020003.png.bmp,,3,,,,Yes,train,COVID-19
Actualmed-COVID-chestxray-dataset,CR.1.2.840.113564.1722810170.202004040240155151.1003000225002.png,,2,,,,Yes,train,COVID-19
Actualmed-COVID-chestxray-dataset,CR.1.2.840.113564.1722810170.20200325212815187370.1003000225002.png,,3,,,,Yes,train,COVID-19
Actualmed-COVID-chestxray-dataset,DX.1.2.840.113564.1722810162.20200409093935803690.1203801020003.png.bmp,,2,,,,Yes,train,COVID-19
Actualmed-COVID-chestxray-dataset,DX.1.2.840.113564.1722810162.20200326160333805210.1203801020003.png.bmp,,1,,,,Yes,train,COVID-19
Actualmed-COVID-chestxray-dataset,CR.1.2.840.113564.1722810170.20200320170359875720.1003000225002.png,,1,,,,Yes,train,COVID-19
Actualmed-COVID-chestxray-dataset,CR.1.2.840.113564.1722810170.20200416105826265860.1003000225002.png,,5,,,,Yes,train,COVID-19
Actualmed-COVID-chestxray-dataset,CR.1.2.840.113564.192168196.2020040116564476574.1203801020003.png,,2,,,,Yes,train,COVID-19
Actualmed-COVID-chestxray-dataset,CR.1.2.840.113564.1722810170.20200320103403375580.1003000225002.png,,5,,,,Yes,train,COVID-19
Actualmed-COVID-chestxray-dataset,DX.1.2.840.113564.1722810162.20200327160432430120.1203801020003.png,,3,,,,Yes,train,COVID-19
Actualmed-COVID-chestxray-dataset,CR.1.2.840.113564.1722810170.20200320011259312440.1003000225002.png,,5,,,,Yes,train,COVID-19
Actualmed-COVID-chestxray-dataset,DX.1.2.840.113564.1722810162.20200409104802496810.1203801020003.png.bmp,,2,,,,Yes,train,COVID-19
Actualmed-COVID-chestxray-dataset,DX.1.2.840.113564.1722810162.20200325130756972300.1203801020003.png.bmp,,5,,,,Yes,train,COVID-19
Actualmed-COVID-chestxray-dataset,DX.1.2.840.113564.1722810162.20200326123552855170.1203801020003.png.bmp,,1,,,,Yes,train,COVID-19
Actualmed-COVID-chestxray-dataset,DX.1.2.840.113564.1722810162.202003241226081857.1203801020003.png.bmp,,3,,,,Yes,train,COVID-19
Actualmed-COVID-chestxray-dataset,CR.1.2.840.113564.1722810170.20200330111806125940.1003000225002.png,,5,,,,Yes,train,COVID-19
Actualmed-COVID-chestxray-dataset,CR.1.2.840.113564.1722810170.20200405065153640420.1003000225002.png,,5,,,,Yes,train,COVID-19
Actualmed-COVID-chestxray-dataset,DX.1.2.840.113564.1722810162.20200325125743092120.1203801020003.png.bmp,,1,,,,Yes,train,COVID-19
Actualmed-COVID-chestxray-dataset,DX.1.2.840.113564.1722810162.20200401122015054240.1203801020003.png,,,,,,Yes,train,COVID-19
Actualmed-COVID-chestxray-dataset,DX.1.2.840.113564.1722810162.20200420135116095500.1203801020003.png,,6,,,,Yes,train,COVID-19
Actualmed-COVID-chestxray-dataset,CR.1.2.840.113564.1722810170.20200403175115515840.1003000225002.png,,2,,,,Yes,train,COVID-19
Actualmed-COVID-chestxray-dataset,DX.1.2.840.113564.1722810162.20200325102716421950.1203801020003.png.bmp,,2,,,,Yes,train,COVID-19
Actualmed-COVID-chestxray-dataset,DX.1.2.840.113564.1722810162.202004081114029075.1203801020003.png.bmp,,1,,,,Yes,train,COVID-19
Figure1-COVID-chestxray-dataset,COVID-00043a.jpg,,6,,,,Yes,train,COVID-19
Figure1-COVID-chestxray-dataset,COVID-00021.jpg,,6,,,,Yes,train,COVID-19
Figure1-COVID-chestxray-dataset,COVID-00016.jpg,,4,4,,,Yes,train,COVID-19
Figure1-COVID-chestxray-dataset,COVID-00024.jpg,,5,,,,Yes,train,COVID-19
Figure1-COVID-chestxray-dataset,COVID-00026.jpg,,6,,,,Yes,train,COVID-19
Figure1-COVID-chestxray-dataset,COVID-00012.jpg,,5,,,,Yes,train,COVID-19
Figure1-COVID-chestxray-dataset,COVID-00039a.jpg,,6,,,,Yes,train,COVID-19
Figure1-COVID-chestxray-dataset,COVID-00011.jpg,,3,4,,,Yes,train,COVID-19
Figure1-COVID-chestxray-dataset,COVID-00015b.png,,2,3,,,Yes,train,COVID-19
Figure1-COVID-chestxray-dataset,COVID-00027.jpg,,6,,,,Yes,train,COVID-19
Figure1-COVID-chestxray-dataset,COVID-00017.jpg,,4,4,,,Yes,train,COVID-19
Figure1-COVID-chestxray-dataset,COVID-00039c.jpg,,6,,,,Yes,train,COVID-19
Figure1-COVID-chestxray-dataset,COVID-00033.jpg,,6,,,,Yes,train,COVID-19
Figure1-COVID-chestxray-dataset,COVID-00036.jpg,,5,,,,Yes,train,COVID-19
Figure1-COVID-chestxray-dataset,COVID-00029.jpg,,6,,,,Yes,train,COVID-19
Figure1-COVID-chestxray-dataset,COVID-00039b.jpg,,6,,,,Yes,train,COVID-19
Figure1-COVID-chestxray-dataset,COVID-00035.jpg,,6,,,,Yes,train,COVID-19
Figure1-COVID-chestxray-dataset,COVID-00043b.jpg,,3,,,,Yes,train,COVID-19
Figure1-COVID-chestxray-dataset,COVID-00030.jpg,,6,,,,Yes,train,COVID-19
Figure1-COVID-chestxray-dataset,COVID-00046.png,,6,,,,Yes,train,COVID-19
Figure1-COVID-chestxray-dataset,COVID-00037.jpg,,6,,,,Yes,train,COVID-19
Figure1-COVID-chestxray-dataset,COVID-00001.jpg,,,,,,No,train,COVID-19
chest_xray_normal,NORMAL2-IM-1345-0001-0002.png,,0,0,,,Yes,train,Normal
chest_xray_normal,IM-0467-0001-0001.png,,0,0,,,Yes,train,Normal
chest_xray_normal,IM-0473-0001.png,,0,0,,,Yes,train,Normal
chest_xray_normal,IM-0033-0001-0001.png,,0,0,,,Yes,train,Normal
chest_xray_normal,NORMAL2-IM-0035-0001.png,,0,0,,,Yes,train,Normal
chest_xray_normal,IM-0251-0001.png,,0,0,,,Yes,train,Normal
chest_xray_normal,IM-0236-0001.png,,0,0,,,Yes,train,Normal
chest_xray_normal,NORMAL2-IM-1244-0001.png,,0,0,,,Yes,train,Normal
chest_xray_normal,IM-0387-0001.png,,0,0,,,Yes,train,Normal
chest_xray_normal,NORMAL2-IM-0374-0001-0001.png,,0,0,,,Yes,train,Normal
chest_xray_normal,NORMAL2-IM-0378-0001.png,,0,0,,,Yes,train,Normal
chest_xray_normal,IM-0613-0001.png,,0,0,,,Yes,train,Normal
chest_xray_normal,IM-0329-0001.png,,0,0,,,Yes,train,Normal
chest_xray_normal,IM-0520-0001.png,,0,0,,,Yes,train,Normal
chest_xray_normal,IM-0089-0001.png,,0,0,,,Yes,train,Normal
chest_xray_normal,IM-0215-0001.png,,0,0,,,Yes,train,Normal
chest_xray_normal,NORMAL2-IM-0352-0001.png,,0,0,,,Yes,train,Normal
chest_xray_normal,IM-0440-0001.png,,0,0,,,Yes,train,Normal
chest_xray_normal,NORMAL2-IM-0634-0001.png,,0,0,,,Yes,train,Normal
chest_xray_normal,NORMAL2-IM-1094-0001.png,,0,0,,,Yes,train,Normal
chest_xray_normal,IM-0010-0001.png,,0,0,,,Yes,train,Normal
chest_xray_normal,NORMAL2-IM-0965-0001.png,,0,0,,,Yes,train,Normal
chest_xray_normal,IM-0566-0001.png,,0,0,,,Yes,train,Normal
chest_xray_normal,IM-0551-0001-0002.png,,0,0,,,Yes,train,Normal
chest_xray_normal,NORMAL2-IM-0822-0001.png,,0,0,,,Yes,train,Normal
chest_xray_normal,IM-0605-0001.png,,0,0,,,Yes,train,Normal
chest_xray_normal,IM-0499-0001.png,,0,0,,,Yes,train,Normal
chest_xray_normal,IM-0684-0001.png,,0,0,,,Yes,train,Normal
chest_xray_normal,IM-0561-0001.png,,0,0,,,Yes,train,Normal
chest_xray_normal,NORMAL2-IM-1094-0001-0002.png,,0,0,,,Yes,train,Normal
chest_xray_normal,NORMAL2-IM-0530-0001.png,,0,0,,,Yes,train,Normal
chest_xray_normal,NORMAL2-IM-1269-0001.png,,0,0,,,Yes,train,Normal
chest_xray_normal,NORMAL2-IM-0641-0001.png,,0,0,,,Yes,train,Normal
chest_xray_normal,NORMAL2-IM-0095-0001.png,,0,0,,,Yes,train,Normal
chest_xray_normal,NORMAL2-IM-0937-0001.png,,0,0,,,Yes,train,Normal
chest_xray_normal,IM-0656-0001-0001.png,,0,0,,,Yes,train,Normal
chest_xray_normal,NORMAL2-IM-1127-0001.png,,0,0,,,Yes,train,Normal
chest_xray_normal,IM-0189-0001.png,,0,0,,,Yes,train,Normal
chest_xray_normal,IM-0061-0001.png,,0,0,,,Yes,train,Normal
chest_xray_normal,NORMAL2-IM-0555-0001-0002.png,,0,0,,,Yes,train,Normal
chest_xray_normal,IM-0077-0001.png,,0,0,,,Yes,train,Normal
chest_xray_normal,IM-0441-0001.png,,0,0,,,Yes,train,Normal
chest_xray_normal,NORMAL2-IM-0601-0001.png,,0,0,,,Yes,train,Normal
chest_xray_normal,NORMAL2-IM-0925-0001.png,,0,0,,,Yes,train,Normal
chest_xray_normal,NORMAL2-IM-1164-0001.png,,0,0,,,Yes,train,Normal
chest_xray_normal,NORMAL2-IM-0831-0001.png,,0,0,,,Yes,train,Normal
chest_xray_normal,NORMAL2-IM-1365-0001.png,,0,0,,,Yes,train,Normal
chest_xray_normal,NORMAL2-IM-1090-0001.png,,0,0,,,Yes,train,Normal
chest_xray_normal,IM-0577-0001.png,,0,0,,,Yes,train,Normal
chest_xray_normal,NORMAL2-IM-1150-0001.png,,0,0,,,Yes,train,Normal
chest_xray_normal,IM-0569-0001.png,,0,0,,,Yes,train,Normal
chest_xray_normal,IM-0065-0001.png,,0,0,,,Yes,train,Normal
chest_xray_normal,NORMAL2-IM-1030-0001.png,,0,0,,,Yes,train,Normal
chest_xray_normal,NORMAL2-IM-0882-0001.png,,0,0,,,Yes,train,Normal
chest_xray_normal,NORMAL2-IM-1344-0001.png,,0,0,,,Yes,train,Normal
chest_xray_normal,IM-0718-0001.png,,0,0,,,Yes,train,Normal
chest_xray_normal,NORMAL2-IM-0516-0001.png,,0,0,,,Yes,train,Normal
chest_xray_normal,NORMAL2-IM-0821-0001.png,,0,0,,,Yes,train,Normal
chest_xray_normal,IM-0491-0001-0002.png,,0,0,,,Yes,train,Normal
chest_xray_normal,IM-0456-0001.png,,0,0,,,Yes,train,Normal
chest_xray_normal,NORMAL2-IM-1116-0001-0002.png,,0,0,,,Yes,train,Normal
chest_xray_normal,NORMAL2-IM-0567-0001.png,,0,0,,,Yes,train,Normal
chest_xray_normal,NORMAL2-IM-1274-0001.png,,0,0,,,Yes,train,Normal
chest_xray_normal,NORMAL2-IM-0135-0001.png,,0,0,,,Yes,train,Normal
chest_xray_normal,NORMAL2-IM-1160-0001.png,,0,0,,,Yes,train,Normal
chest_xray_normal,NORMAL2-IM-0561-0001.png,,0,0,,,Yes,train,Normal
chest_xray_normal,NORMAL2-IM-1351-0001.png,,0,0,,,Yes,train,Normal
chest_xray_normal,NORMAL2-IM-1289-0001.png,,0,0,,,Yes,train,Normal
chest_xray_normal,NORMAL2-IM-0824-0001.png,,0,0,,,Yes,train,Normal
chest_xray_normal,NORMAL2-IM-0545-0001.png,,0,0,,,Yes,train,Normal
chest_xray_normal,NORMAL2-IM-0865-0001.png,,0,0,,,Yes,train,Normal
chest_xray_normal,NORMAL2-IM-0497-0001.png,,0,0,,,Yes,train,Normal
chest_xray_normal,NORMAL2-IM-0700-0001.png,,0,0,,,Yes,train,Normal
chest_xray_normal,IM-0637-0001.png,,0,0,,,Yes,train,Normal
chest_xray_normal,IM-0221-0001.png,,0,0,,,Yes,train,Normal
chest_xray_normal,NORMAL2-IM-1177-0001.png,,0,0,,,Yes,train,Normal
chest_xray_normal,NORMAL2-IM-0440-0001.png,,0,0,,,Yes,train,Normal
chest_xray_normal,NORMAL2-IM-0357-0001.png,,0,0,,,Yes,train,Normal
chest_xray_normal,IM-0007-0001.png,,0,0,,,Yes,train,Normal
chest_xray_normal,NORMAL2-IM-0983-0001-0001.png,,0,0,,,Yes,train,Normal
chest_xray_normal,NORMAL2-IM-1290-0001.png,,0,0,,,Yes,train,Normal
chest_xray_normal,NORMAL2-IM-1014-0001.png,,0,0,,,Yes,train,Normal
chest_xray_normal,IM-0009-0001.png,,0,0,,,Yes,train,Normal
chest_xray_normal,NORMAL2-IM-0950-0001.png,,0,0,,,Yes,train,Normal
chest_xray_normal,IM-0631-0001-0001.png,,0,0,,,Yes,train,Normal
chest_xray_normal,NORMAL2-IM-0772-0001.png,,0,0,,,Yes,train,Normal
chest_xray_normal,NORMAL2-IM-0919-0001.png,,0,0,,,Yes,train,Normal
chest_xray_normal,IM-0035-0001.png,,0,0,,,Yes,train,Normal
chest_xray_normal,IM-0628-0001.png,,0,0,,,Yes,train,Normal
chest_xray_normal,NORMAL2-IM-1005-0001.png,,0,0,,,Yes,train,Normal
chest_xray_normal,NORMAL2-IM-1144-0001.png,,0,0,,,Yes,train,Normal
chest_xray_normal,IM-0335-0001.png,,0,0,,,Yes,train,Normal
chest_xray_normal,IM-0707-0001.png,,0,0,,,Yes,train,Normal
chest_xray_normal,NORMAL2-IM-0479-0001.png,,0,0,,,Yes,train,Normal
chest_xray_normal,IM-0545-0001-0001.png,,0,0,,,Yes,train,Normal
chest_xray_normal,NORMAL2-IM-0507-0001.png,,0,0,,,Yes,train,Normal
chest_xray_normal,NORMAL2-IM-1314-0001.png,,0,0,,,Yes,train,Normal
chest_xray_normal,NORMAL2-IM-1185-0001.png,,0,0,,,Yes,train,Normal
chest_xray_normal,IM-0614-0001.png,,0,0,,,Yes,train,Normal
chest_xray_normal,IM-0668-0001.png,,0,0,,,Yes,train,Normal
chest_xray_normal,NORMAL2-IM-0967-0001.png,,0,0,,,Yes,train,Normal
chest_xray_normal,NORMAL2-IM-0575-0001.png,,0,0,,,Yes,train,Normal
chest_xray_normal,IM-0766-0001.png,,0,0,,,Yes,train,Normal
chest_xray_normal,NORMAL2-IM-0858-0001.png,,0,0,,,Yes,train,Normal
chest_xray_normal,NORMAL2-IM-0522-0001.png,,0,0,,,Yes,train,Normal
chest_xray_normal,NORMAL2-IM-1334-0001.png,,0,0,,,Yes,train,Normal
chest_xray_normal,NORMAL2-IM-0842-0001.png,,0,0,,,Yes,train,Normal
chest_xray_normal,NORMAL2-IM-0871-0001.png,,0,0,,,Yes,train,Normal
chest_xray_normal,NORMAL2-IM-0465-0001.png,,0,0,,,Yes,train,Normal
chest_xray_normal,IM-0265-0001.png,,0,0,,,Yes,train,Normal
chest_xray_normal,IM-0555-0001.png,,0,0,,,Yes,train,Normal
chest_xray_normal,NORMAL2-IM-0957-0001.png,,0,0,,,Yes,train,Normal
chest_xray_normal,NORMAL2-IM-1319-0001.png,,0,0,,,Yes,train,Normal
chest_xray_normal,IM-0365-0001.png,,0,0,,,Yes,train,Normal
chest_xray_normal,IM-0714-0001.png,,0,0,,,Yes,train,Normal
chest_xray_normal,NORMAL2-IM-0838-0001.png,,0,0,,,Yes,train,Normal
chest_xray_normal,NORMAL2-IM-0060-0001.png,,0,0,,,Yes,train,Normal
chest_xray_normal,NORMAL2-IM-0852-0001.png,,0,0,,,Yes,train,Normal
chest_xray_normal,IM-0501-0001.png,,0,0,,,Yes,train,Normal
chest_xray_normal,NORMAL2-IM-0707-0001.png,,0,0,,,Yes,train,Normal
chest_xray_normal,IM-0623-0001.png,,0,0,,,Yes,train,Normal
chest_xray_normal,IM-0217-0001.png,,0,0,,,Yes,train,Normal
chest_xray_normal,IM-0523-0001-0002.png,,0,0,,,Yes,train,Normal
chest_xray_normal,NORMAL2-IM-0573-0001.png,,0,0,,,Yes,train,Normal
chest_xray_normal,IM-0182-0001.png,,0,0,,,Yes,train,Normal
chest_xray_normal,NORMAL2-IM-0939-0001.png,,0,0,,,Yes,train,Normal
chest_xray_normal,NORMAL2-IM-0602-0001.png,,0,0,,,Yes,train,Normal
chest_xray_normal,NORMAL2-IM-0923-0001.png,,0,0,,,Yes,train,Normal
chest_xray_normal,IM-0531-0001-0001.png,,0,0,,,Yes,train,Normal
chest_xray_normal,IM-0682-0001.png,,0,0,,,Yes,train,Normal
chest_xray_normal,NORMAL2-IM-1103-0001-0001.png,,0,0,,,Yes,train,Normal
chest_xray_normal,NORMAL2-IM-1037-0001.png,,0,0,,,Yes,train,Normal
chest_xray_normal,NORMAL2-IM-0130-0001.png,,0,0,,,Yes,train,Normal
chest_xray_normal,IM-0191-0001.png,,0,0,,,Yes,train,Normal
chest_xray_normal,IM-0338-0001.png,,0,0,,,Yes,train,Normal
chest_xray_normal,IM-0609-0001.png,,0,0,,,Yes,train,Normal
chest_xray_normal,NORMAL2-IM-1163-0001.png,,0,0,,,Yes,train,Normal
chest_xray_normal,NORMAL2-IM-0583-0001.png,,0,0,,,Yes,train,Normal
chest_xray_normal,NORMAL2-IM-0719-0001.png,,0,0,,,Yes,train,Normal
chest_xray_normal,IM-0491-0001.png,,0,0,,,Yes,train,Normal
chest_xray_normal,NORMAL2-IM-0651-0001.png,,0,0,,,Yes,train,Normal
chest_xray_normal,NORMAL2-IM-0547-0001.png,,0,0,,,Yes,train,Normal
chest_xray_normal,NORMAL2-IM-0453-0001.png,,0,0,,,Yes,train,Normal
chest_xray_normal,IM-0067-0001.png,,0,0,,,Yes,train,Normal
chest_xray_normal,NORMAL2-IM-0686-0001.png,,0,0,,,Yes,train,Normal
chest_xray_normal,NORMAL2-IM-0345-0001.png,,0,0,,,Yes,train,Normal
chest_xray_normal,NORMAL2-IM-0580-0001.png,,0,0,,,Yes,train,Normal
chest_xray_normal,IM-0539-0001-0001.png,,0,0,,,Yes,train,Normal
chest_xray_normal,NORMAL2-IM-0533-0001.png,,0,0,,,Yes,train,Normal
chest_xray_normal,NORMAL2-IM-1218-0001.png,,0,0,,,Yes,train,Normal
chest_xray_normal,NORMAL2-IM-0781-0001.png,,0,0,,,Yes,train,Normal
chest_xray_normal,NORMAL2-IM-0587-0001-0001.png,,0,0,,,Yes,train,Normal
chest_xray_normal,IM-0086-0001.png,,0,0,,,Yes,train,Normal
chest_xray_normal,NORMAL2-IM-0993-0001.png,,0,0,,,Yes,train,Normal
chest_xray_normal,IM-0416-0001.png,,0,0,,,Yes,train,Normal
chest_xray_normal,NORMAL2-IM-0456-0001.png,,0,0,,,Yes,train,Normal
chest_xray_normal,IM-0177-0001.png,,0,0,,,Yes,train,Normal
chest_xray_normal,NORMAL2-IM-0897-0001.png,,0,0,,,Yes,train,Normal
chest_xray_normal,NORMAL2-IM-0682-0001.png,,0,0,,,Yes,train,Normal
chest_xray_normal,IM-0644-0001-0002.png,,0,0,,,Yes,train,Normal
chest_xray_normal,NORMAL2-IM-1152-0001.png,,0,0,,,Yes,train,Normal
chest_xray_normal,NORMAL2-IM-0052-0001.png,,0,0,,,Yes,train,Normal
chest_xray_normal,IM-0660-0001-0002.png,,0,0,,,Yes,train,Normal
chest_xray_normal,NORMAL2-IM-0705-0001.png,,0,0,,,Yes,train,Normal
chest_xray_normal,NORMAL2-IM-1111-0001.png,,0,0,,,Yes,train,Normal
chest_xray_normal,IM-0652-0001.png,,0,0,,,Yes,train,Normal
chest_xray_normal,IM-0439-0001-0002.png,,0,0,,,Yes,train,Normal
chest_xray_normal,NORMAL2-IM-1346-0001.png,,0,0,,,Yes,train,Normal
chest_xray_normal,NORMAL2-IM-1018-0001.png,,0,0,,,Yes,train,Normal
chest_xray_normal,IM-0099-0001.png,,0,0,,,Yes,train,Normal
chest_xray_normal,NORMAL2-IM-0648-0001.png,,0,0,,,Yes,train,Normal
chest_xray_normal,IM-0696-0001.png,,0,0,,,Yes,train,Normal
chest_xray_normal,NORMAL2-IM-0297-0001.png,,0,0,,,Yes,train,Normal
chest_xray_normal,NORMAL2-IM-0582-0001.png,,0,0,,,Yes,train,Normal
chest_xray_normal,IM-0571-0001.png,,0,0,,,Yes,train,Normal
chest_xray_normal,NORMAL2-IM-0300-0001.png,,0,0,,,Yes,train,Normal
chest_xray_normal,NORMAL2-IM-1201-0001.png,,0,0,,,Yes,train,Normal
chest_xray_normal,NORMAL2-IM-0979-0001.png,,0,0,,,Yes,train,Normal
chest_xray_normal,NORMAL2-IM-1267-0001.png,,0,0,,,Yes,train,Normal
chest_xray_normal,IM-0327-0001.png,,0,0,,,Yes,train,Normal
chest_xray_normal,IM-0685-0001.png,,0,0,,,Yes,train,Normal
chest_xray_normal,IM-0751-0001.png,,0,0,,,Yes,train,Normal
chest_xray_normal,NORMAL2-IM-1183-0001.png,,0,0,,,Yes,train,Normal
chest_xray_normal,NORMAL2-IM-1188-0001.png,,0,0,,,Yes,train,Normal
chest_xray_normal,NORMAL2-IM-0251-0001.png,,0,0,,,Yes,train,Normal
chest_xray_normal,NORMAL2-IM-0370-0001.png,,0,0,,,Yes,train,Normal
chest_xray_normal,NORMAL2-IM-0915-0001.png,,0,0,,,Yes,train,Normal
chest_xray_normal,IM-0538-0001.png,,0,0,,,Yes,train,Normal
chest_xray_normal,IM-0350-0001.png,,0,0,,,Yes,train,Normal
chest_xray_normal,IM-0526-0001.png,,0,0,,,Yes,train,Normal
chest_xray_normal,IM-0615-0001.png,,0,0,,,Yes,train,Normal
chest_xray_normal,IM-0691-0001.png,,0,0,,,Yes,train,Normal
chest_xray_normal,NORMAL2-IM-0898-0001.png,,0,0,,,Yes,train,Normal
chest_xray_normal,IM-0480-0001.png,,0,0,,,Yes,train,Normal
chest_xray_normal,IM-0578-0001.png,,0,0,,,Yes,train,Normal
chest_xray_normal,IM-0433-0001.png,,0,0,,,Yes,train,Normal
chest_xray_normal,IM-0632-0001.png,,0,0,,,Yes,train,Normal
chest_xray_normal,NORMAL2-IM-0649-0001.png,,0,0,,,Yes,train,Normal
chest_xray_normal,NORMAL2-IM-0680-0001.png,,0,0,,,Yes,train,Normal
chest_xray_normal,IM-0541-0001.png,,0,0,,,Yes,train,Normal
chest_xray_normal,IM-0644-0001-0001.png,,0,0,,,Yes,train,Normal
chest_xray_normal,NORMAL2-IM-0905-0001.png,,0,0,,,Yes,train,Normal
chest_xray_normal,IM-0450-0001.png,,0,0,,,Yes,train,Normal
chest_xray_normal,NORMAL2-IM-0280-0001.png,,0,0,,,Yes,train,Normal
chest_xray_normal,IM-0389-0001.png,,0,0,,,Yes,train,Normal
chest_xray_normal,NORMAL2-IM-0727-0001.png,,0,0,,,Yes,train,Normal
chest_xray_normal,IM-0451-0001.png,,0,0,,,Yes,train,Normal
chest_xray_normal,NORMAL2-IM-0903-0001.png,,0,0,,,Yes,train,Normal
chest_xray_normal,NORMAL2-IM-1223-0001.png,,0,0,,,Yes,train,Normal
chest_xray_normal,NORMAL2-IM-0496-0001.png,,0,0,,,Yes,train,Normal
chest_xray_normal,NORMAL2-IM-0847-0001.png,,0,0,,,Yes,train,Normal
chest_xray_normal,IM-0294-0001.png,,0,0,,,Yes,train,Normal
chest_xray_normal,NORMAL2-IM-0698-0001.png,,0,0,,,Yes,train,Normal
chest_xray_normal,NORMAL2-IM-1237-0001.png,,0,0,,,Yes,train,Normal
chest_xray_normal,NORMAL2-IM-0443-0001.png,,0,0,,,Yes,train,Normal
chest_xray_normal,IM-0224-0001.png,,0,0,,,Yes,train,Normal
chest_xray_normal,IM-0523-0001-0003.png,,0,0,,,Yes,train,Normal
chest_xray_normal,IM-0248-0001.png,,0,0,,,Yes,train,Normal
chest_xray_normal,IM-0240-0001.png,,0,0,,,Yes,train,Normal
chest_xray_normal,NORMAL2-IM-0809-0001.png,,0,0,,,Yes,train,Normal
chest_xray_normal,NORMAL2-IM-0415-0001.png,,0,0,,,Yes,train,Normal
chest_xray_normal,NORMAL2-IM-0401-0001.png,,0,0,,,Yes,train,Normal
chest_xray_normal,NORMAL2-IM-0774-0001.png,,0,0,,,Yes,train,Normal
chest_xray_normal,IM-0019-0001.png,,0,0,,,Yes,train,Normal
chest_xray_normal,IM-0604-0001.png,,0,0,,,Yes,train,Normal
chest_xray_normal,NORMAL2-IM-1198-0001.png,,0,0,,,Yes,train,Normal
chest_xray_normal,NORMAL2-IM-0633-0001.png,,0,0,,,Yes,train,Normal
chest_xray_normal,IM-0288-0001.png,,0,0,,,Yes,train,Normal
chest_xray_normal,NORMAL2-IM-0604-0001.png,,0,0,,,Yes,train,Normal
chest_xray_normal,NORMAL2-IM-0466-0001.png,,0,0,,,Yes,train,Normal
chest_xray_normal,NORMAL2-IM-1206-0001.png,,0,0,,,Yes,train,Normal
chest_xray_normal,NORMAL2-IM-0353-0001.png,,0,0,,,Yes,train,Normal
chest_xray_normal,IM-0586-0001.png,,0,0,,,Yes,train,Normal
chest_xray_normal,NORMAL2-IM-1291-0001.png,,0,0,,,Yes,train,Normal
chest_xray_normal,NORMAL2-IM-1028-0001.png,,0,0,,,Yes,train,Normal
chest_xray_normal,IM-0243-0001.png,,0,0,,,Yes,train,Normal
chest_xray_normal,NORMAL2-IM-0944-0001.png,,0,0,,,Yes,train,Normal
chest_xray_normal,NORMAL2-IM-0374-0001-0002.png,,0,0,,,Yes,train,Normal
chest_xray_normal,NORMAL2-IM-0603-0001.png,,0,0,,,Yes,train,Normal
chest_xray_normal,IM-0381-0001.png,,0,0,,,Yes,train,Normal
chest_xray_normal,NORMAL2-IM-0107-0001.png,,0,0,,,Yes,train,Normal
chest_xray_normal,IM-0280-0001.png,,0,0,,,Yes,train,Normal
chest_xray_normal,NORMAL2-IM-0856-0001.png,,0,0,,,Yes,train,Normal
chest_xray_normal,NORMAL2-IM-1176-0001.png,,0,0,,,Yes,train,Normal
chest_xray_normal,IM-0660-0001.png,,0,0,,,Yes,train,Normal
chest_xray_normal,NORMAL2-IM-0974-0001.png,,0,0,,,Yes,train,Normal
chest_xray_normal,NORMAL2-IM-0281-0001.png,,0,0,,,Yes,train,Normal
chest_xray_normal,NORMAL2-IM-0559-0001.png,,0,0,,,Yes,train,Normal
chest_xray_normal,NORMAL2-IM-1059-0001.png,,0,0,,,Yes,train,Normal
chest_xray_normal,NORMAL2-IM-1254-0001.png,,0,0,,,Yes,train,Normal
chest_xray_normal,NORMAL2-IM-0237-0001.png,,0,0,,,Yes,train,Normal
chest_xray_normal,NORMAL2-IM-0576-0001.png,,0,0,,,Yes,train,Normal
chest_xray_normal,IM-0640-0001-0002.png,,0,0,,,Yes,train,Normal
chest_xray_normal,NORMAL2-IM-0684-0001-0001.png,,0,0,,,Yes,train,Normal
chest_xray_normal,IM-0701-0001.png,,0,0,,,Yes,train,Normal
chest_xray_normal,IM-0391-0001.png,,0,0,,,Yes,train,Normal
chest_xray_normal,IM-0428-0001.png,,0,0,,,Yes,train,Normal
chest_xray_normal,NORMAL2-IM-0832-0001-0001.png,,0,0,,,Yes,train,Normal
chest_xray_normal,NORMAL2-IM-0027-0001.png,,0,0,,,Yes,train,Normal
chest_xray_normal,NORMAL2-IM-1219-0001.png,,0,0,,,Yes,train,Normal
chest_xray_normal,NORMAL2-IM-1260-0001.png,,0,0,,,Yes,train,Normal
chest_xray_normal,NORMAL2-IM-1300-0001.png,,0,0,,,Yes,train,Normal
chest_xray_normal,IM-0553-0001-0003.png,,0,0,,,Yes,train,Normal
chest_xray_normal,NORMAL2-IM-0141-0001.png,,0,0,,,Yes,train,Normal
chest_xray_normal,NORMAL2-IM-0986-0001.png,,0,0,,,Yes,train,Normal
chest_xray_normal,IM-0676-0001.png,,0,0,,,Yes,train,Normal
chest_xray_normal,IM-0519-0001-0002.png,,0,0,,,Yes,train,Normal
chest_xray_normal,NORMAL2-IM-0132-0001.png,,0,0,,,Yes,train,Normal
chest_xray_normal,IM-0435-0001-0001.png,,0,0,,,Yes,train,Normal
chest_xray_normal,NORMAL2-IM-1038-0001.png,,0,0,,,Yes,train,Normal
chest_xray_normal,IM-0069-0001.png,,0,0,,,Yes,train,Normal
chest_xray_normal,IM-0618-0001-0002.png,,0,0,,,Yes,train,Normal
chest_xray_normal,NORMAL2-IM-1343-0001.png,,0,0,,,Yes,train,Normal
chest_xray_normal,IM-0463-0001.png,,0,0,,,Yes,train,Normal
chest_xray_normal,NORMAL2-IM-0927-0001.png,,0,0,,,Yes,train,Normal
chest_xray_normal,NORMAL2-IM-0110-0001.png,,0,0,,,Yes,train,Normal
chest_xray_normal,IM-0439-0001.png,,0,0,,,Yes,train,Normal
chest_xray_normal,NORMAL2-IM-0335-0001.png,,0,0,,,Yes,train,Normal
chest_xray_normal,IM-0465-0001.png,,0,0,,,Yes,train,Normal
chest_xray_normal,NORMAL2-IM-0579-0001.png,,0,0,,,Yes,train,Normal
chest_xray_normal,IM-0640-0001.png,,0,0,,,Yes,train,Normal
chest_xray_normal,NORMAL2-IM-0207-0001.png,,0,0,,,Yes,train,Normal
chest_xray_normal,IM-0750-0001.png,,0,0,,,Yes,train,Normal
chest_xray_normal,NORMAL2-IM-1180-0001.png,,0,0,,,Yes,train,Normal
chest_xray_normal,NORMAL2-IM-0500-0001.png,,0,0,,,Yes,train,Normal
chest_xray_normal,NORMAL2-IM-0512-0001.png,,0,0,,,Yes,train,Normal
chest_xray_normal,NORMAL2-IM-0478-0001.png,,0,0,,,Yes,train,Normal
chest_xray_normal,NORMAL2-IM-0853-0001.png,,0,0,,,Yes,train,Normal
chest_xray_normal,IM-0477-0001.png,,0,0,,,Yes,train,Normal
chest_xray_normal,IM-0410-0001.png,,0,0,,,Yes,train,Normal
chest_xray_normal,IM-0495-0001.png,,0,0,,,Yes,train,Normal
chest_xray_normal,IM-0227-0001.png,,0,0,,,Yes,train,Normal
chest_xray_normal,IM-0414-0001.png,,0,0,,,Yes,train,Normal
chest_xray_normal,NORMAL2-IM-1293-0001.png,,0,0,,,Yes,train,Normal
chest_xray_normal,NORMAL2-IM-0578-0001.png,,0,0,,,Yes,train,Normal
chest_xray_normal,NORMAL2-IM-1262-0001.png,,0,0,,,Yes,train,Normal
chest_xray_normal,NORMAL2-IM-0890-0001.png,,0,0,,,Yes,train,Normal
chest_xray_normal,NORMAL2-IM-0385-0001.png,,0,0,,,Yes,train,Normal
chest_xray_normal,NORMAL2-IM-0807-0001.png,,0,0,,,Yes,train,Normal
chest_xray_normal,NORMAL2-IM-0666-0001.png,,0,0,,,Yes,train,Normal
chest_xray_normal,IM-0071-0001.png,,0,0,,,Yes,train,Normal
chest_xray_normal,IM-0315-0001.png,,0,0,,,Yes,train,Normal
chest_xray_normal,IM-0242-0001.png,,0,0,,,Yes,train,Normal
chest_xray_normal,NORMAL2-IM-0102-0001.png,,0,0,,,Yes,train,Normal
chest_xray_normal,NORMAL2-IM-1104-0001.png,,0,0,,,Yes,train,Normal
chest_xray_normal,NORMAL2-IM-0417-0001.png,,0,0,,,Yes,train,Normal
chest_xray_normal,NORMAL2-IM-1327-0001.png,,0,0,,,Yes,train,Normal
chest_xray_normal,NORMAL2-IM-0627-0001.png,,0,0,,,Yes,train,Normal
chest_xray_normal,IM-0351-0001.png,,0,0,,,Yes,train,Normal
chest_xray_normal,IM-0656-0001.png,,0,0,,,Yes,train,Normal
chest_xray_normal,NORMAL2-IM-1106-0001.png,,0,0,,,Yes,train,Normal
chest_xray_normal,NORMAL2-IM-1228-0001.png,,0,0,,,Yes,train,Normal
chest_xray_normal,NORMAL2-IM-1173-0001.png,,0,0,,,Yes,train,Normal
chest_xray_normal,NORMAL2-IM-0501-0001.png,,0,0,,,Yes,train,Normal
chest_xray_normal,NORMAL2-IM-0390-0001.png,,0,0,,,Yes,train,Normal
chest_xray_normal,NORMAL2-IM-1277-0001-0002.png,,0,0,,,Yes,train,Normal
chest_xray_normal,NORMAL2-IM-0942-0001.png,,0,0,,,Yes,train,Normal
chest_xray_normal,NORMAL2-IM-0798-0001.png,,0,0,,,Yes,train,Normal
chest_xray_normal,NORMAL2-IM-1350-0001.png,,0,0,,,Yes,train,Normal
chest_xray_normal,IM-0568-0001.png,,0,0,,,Yes,train,Normal
chest_xray_normal,NORMAL2-IM-0410-0001.png,,0,0,,,Yes,train,Normal
chest_xray_normal,IM-0266-0001.png,,0,0,,,Yes,train,Normal
chest_xray_normal,IM-0612-0001-0001.png,,0,0,,,Yes,train,Normal
chest_xray_normal,IM-0627-0001.png,,0,0,,,Yes,train,Normal
chest_xray_normal,IM-0453-0001.png,,0,0,,,Yes,train,Normal
chest_xray_normal,IM-0025-0001.png,,0,0,,,Yes,train,Normal
chest_xray_normal,NORMAL2-IM-0427-0001.png,,0,0,,,Yes,train,Normal
chest_xray_normal,IM-0533-0001-0001.png,,0,0,,,Yes,train,Normal
chest_xray_normal,NORMAL2-IM-0413-0001.png,,0,0,,,Yes,train,Normal
chest_xray_normal,NORMAL2-IM-1328-0001.png,,0,0,,,Yes,train,Normal
chest_xray_normal,IM-0046-0001.png,,0,0,,,Yes,train,Normal
chest_xray_normal,IM-0633-0001.png,,0,0,,,Yes,train,Normal
chest_xray_normal,NORMAL2-IM-1084-0001.png,,0,0,,,Yes,train,Normal
chest_xray_normal,NORMAL2-IM-0346-0001.png,,0,0,,,Yes,train,Normal
chest_xray_normal,IM-0752-0001.png,,0,0,,,Yes,train,Normal
chest_xray_normal,IM-0508-0001.png,,0,0,,,Yes,train,Normal
chest_xray_normal,NORMAL2-IM-0435-0001.png,,0,0,,,Yes,train,Normal
chest_xray_normal,NORMAL2-IM-0637-0001.png,,0,0,,,Yes,train,Normal
chest_xray_normal,IM-0478-0001.png,,0,0,,,Yes,train,Normal
chest_xray_normal,IM-0001-0001.png,,0,0,,,Yes,train,Normal
chest_xray_normal,IM-0417-0001.png,,0,0,,,Yes,train,Normal
chest_xray_normal,NORMAL2-IM-1117-0001.png,,0,0,,,Yes,train,Normal
chest_xray_normal,NORMAL2-IM-0066-0001.png,,0,0,,,Yes,train,Normal
chest_xray_normal,NORMAL2-IM-0475-0001.png,,0,0,,,Yes,train,Normal
covid-chestxray-dataset,0a7faa2a.jpg,,2,,,,Yes,train,COVID-19
covid-chestxray-dataset,lightbox_78f27a80685411ea93cde791fb7cd172-CXR.png,,,,,,Yes,train,COVID-19
covid-chestxray-dataset,covid-19-pneumonia-23-day3.jpg,,,,,,Yes,train,COVID-19
covid-chestxray-dataset,covid-19-pneumonia-progression-and-regression-day28.jpg,,,,,,Yes,train,COVID-19
covid-chestxray-dataset,333932bd.jpg,,,,,,Yes,train,COVID-19
covid-chestxray-dataset,ryct.2020200034.fig5-day4.jpeg,,,,,,Yes,train,COVID-19
covid-chestxray-dataset,1-s2.0-S0378603X1500248X-gr2c.jpg,,,,,,No,train,COVID-19
covid-chestxray-dataset,16672_1_1.jpg,,5,,,,Yes,train,COVID-19
covid-chestxray-dataset,3b66f98f30636b2e1fb42c1d0f18a8_jumbo.jpeg,,,,,,Yes,train,COVID-19
covid-chestxray-dataset,SARS-10.1148rg.242035193-g04mr34g07b-Fig7b-day12.jpeg,,,,,,Yes,train,COVID-19
covid-chestxray-dataset,31BA3780-2323-493F-8AED-62081B9C383B.jpeg,,,,,,Yes,train,COVID-19
covid-chestxray-dataset,2edb88df42cab5e5fbc18b3965e0bd_jumbo.jpeg,,,,,,Yes,train,COVID-19
covid-chestxray-dataset,41379_2020_536_Fig2_HTML-c2.png,,,,,,No,train,COVID-19
covid-chestxray-dataset,covid-19-pneumonia-28.png,,,,,,Yes,train,COVID-19
covid-chestxray-dataset,1-s2.0-S1684118220300608-main.pdf-001.jpg,,,,,,No,train,COVID-19
covid-chestxray-dataset,thnov10p5641g006-c.png,,,,,,No,train,COVID-19
covid-chestxray-dataset,e1a4f870.jpg,,,,,,Yes,train,COVID-19
covid-chestxray-dataset,covid-19-pneumonia-67.jpeg,,,,,,No,train,COVID-19
covid-chestxray-dataset,2-chest-filmc.jpg,,,,,,Yes,train,COVID-19
covid-chestxray-dataset,bd10d5e2.jpg,,,,,,Yes,train,COVID-19
covid-chestxray-dataset,kjr-21-e24-g001-l-a.jpg,,,,,,No,train,COVID-19
covid-chestxray-dataset,1-s2.0-S0378603X1500248X-gr3a.jpg,,,,,,No,train,COVID-19
covid-chestxray-dataset,10.1016-slash-j.hrcr.2020.04.015-b.png,,1,,,,Yes,train,COVID-19
covid-chestxray-dataset,CD50BA96-6982-4C80-AE7B-5F67ACDBFA56.jpeg,,,,,,Yes,train,COVID-19
covid-chestxray-dataset,extubation-13.jpg,,,,,,No,train,COVID-19
covid-chestxray-dataset,1-s2.0-S0735675720302746-gr1_lrg.jpg,,4,,,,Yes,train,COVID-19
covid-chestxray-dataset,1-s2.0-S0378603X1500248X-gr2b.jpg,,,,,,No,train,COVID-19
covid-chestxray-dataset,61bc50d1.jpg,,,,,,Yes,train,COVID-19
covid-chestxray-dataset,e1446fe8.jpg,,,,,,Yes,train,COVID-19
covid-chestxray-dataset,C6EA0BE5-B01E-4113-B194-18D956675E25.jpeg,,,,,,Yes,train,COVID-19
covid-chestxray-dataset,SARS-10.1148rg.242035193-g04mr34g05x-Fig5-day9.jpeg,,,,,,Yes,train,COVID-19
covid-chestxray-dataset,all14238-fig-0002-m-d.jpg,,,,,,No,train,COVID-19
covid-chestxray-dataset,81af553601a1bc1fdf81c99436a50b_jumbo.jpeg,,,,,,Yes,train,COVID-19
covid-chestxray-dataset,fff49165-b22d-4bb4-b9d1-d5d62c52436c.annot.original.png,,,,,,Yes,train,COVID-19
covid-chestxray-dataset,covid-19-pneumonia-23-day1.jpg,,,,,,Yes,train,COVID-19
covid-chestxray-dataset,1-s2.0-S0085253820303616-gr1_lrg-b.png,,4,,,,Yes,train,COVID-19
covid-chestxray-dataset,7867b1aa2d1241045c917f07a9e683_jumbo.jpeg,,,,,,Yes,train,COVID-19
covid-chestxray-dataset,A7E260CE-8A00-4C5F-A7F5-27336527A981.jpeg,,,,,,Yes,train,COVID-19
covid-chestxray-dataset,1-s2.0-S0929664620300449-gr2_lrg-c.jpg,,6,,,,Yes,train,COVID-19
covid-chestxray-dataset,5e6dd879fde9502400e58b2f.jpeg,,,,,,Yes,train,COVID-19
covid-chestxray-dataset,1-s2.0-S2213716520301168-gr1_lrg-b.png,,6,,,,Yes,train,COVID-19
covid-chestxray-dataset,4cb2f877226f5e02b3064e1e52075f_jumbo.jpeg,,,,,,Yes,train,COVID-19
covid-chestxray-dataset,1-s2.0-S0085253820303616-gr1_lrg-a.png,,5,,,,Yes,train,COVID-19
covid-chestxray-dataset,covid-19-pneumonia-22-day1-pa.png,,,,,,Yes,train,COVID-19
covid-chestxray-dataset,171CB377-62FF-4B76-906C-F3787A01CB2E.jpeg,,3,,,,Yes,train,COVID-19
covid-chestxray-dataset,16747_1_1.jpg,,3,,,,Yes,train,COVID-19
covid-chestxray-dataset,B2D20576-00B7-4519-A415-72DE29C90C34.jpeg,,,,,,Yes,train,COVID-19
covid-chestxray-dataset,covid-19-pneumonia-58-day-10.jpg,,,,,,Yes,train,COVID-19
covid-chestxray-dataset,covid-19-pneumonia-44-day-0.jpeg,,,,,,Yes,train,COVID-19
covid-chestxray-dataset,9d36404d.jpg,,,,,,Yes,train,COVID-19
covid-chestxray-dataset,gr2_lrg-a.png,,5,,,,Yes,train,COVID-19
covid-chestxray-dataset,covid-19-caso-70-1-PA.jpg,,,,,,Yes,train,COVID-19
covid-chestxray-dataset,16708_5_1.jpg,,2,,,,Yes,train,COVID-19
covid-chestxray-dataset,all14238-fig-0001-m-c.jpg,,,,,,Yes,train,COVID-19
covid-chestxray-dataset,4fed5061.jpg,,,,,,Yes,train,COVID-19
covid-chestxray-dataset,2B8649B2-00C4-4233-85D5-1CE240CF233B.jpeg,,,,,,Yes,train,COVID-19
covid-chestxray-dataset,296_2020_4584_Fig2_HTML-c.png,,,,,,Yes,train,COVID-19
covid-chestxray-dataset,16654_2_1.jpg,,3,,,,Yes,train,COVID-19
covid-chestxray-dataset,ryct.2020003.fig2-b.png,,,,,,No,train,COVID-19
covid-chestxray-dataset,16953_1_1.jpg,,,,,,No,train,COVID-19
covid-chestxray-dataset,1-s2.0-S0929664620300449-gr2_lrg-b.jpg,,6,,,,Yes,train,COVID-19
covid-chestxray-dataset,80b5f00f.jpg,,,,,,Yes,train,COVID-19
covid-chestxray-dataset,11547_2020_1200_Fig2_HTML-b.png,,4,,,,Yes,train,COVID-19
covid-chestxray-dataset,1-s2.0-S0378603X1500248X-gr2d.jpg,,,,,,No,train,COVID-19
covid-chestxray-dataset,441c9cdd.jpg,,,,,,Yes,train,COVID-19
covid-chestxray-dataset,ryct.2020200034.fig5-day7.jpeg,,,,,,Yes,train,COVID-19
covid-chestxray-dataset,11547_2020_1200_Fig3_HTML-c.png,,5,,,,Yes,train,COVID-19
covid-chestxray-dataset,16663_1_1.jpg,,,,,,Yes,train,COVID-19
covid-chestxray-dataset,1-s2.0-S0929664620300449-gr2_lrg-d.jpg,,6,,,,Yes,train,COVID-19
covid-chestxray-dataset,covid-19-pneumonia-43-day2.jpeg,,,,,,Yes,train,COVID-19
covid-chestxray-dataset,527321ee.jpg,,,,,,Yes,train,COVID-19
covid-chestxray-dataset,88de9d8c39e946abd495b37cd07d89e5-6531-0.jpg,,,,,,Yes,train,COVID-19
covid-chestxray-dataset,wong-0003.jpg,,,,,,Yes,train,COVID-19
covid-chestxray-dataset,covid-19-pneumonia-30-PA.jpg,,,,,,Yes,train,COVID-19
covid-chestxray-dataset,1-s2.0-S1341321X20301124-gr3_lrg-d.png,,5,,,,Yes,train,COVID-19
covid-chestxray-dataset,auntminnie-d-2020_01_28_23_51_6665_2020_01_28_Vietnam_coronavirus.jpeg,,,,,,Yes,train,COVID-19
covid-chestxray-dataset,extubation-4.jpg,,,,,,No,train,COVID-19
covid-chestxray-dataset,SARS-10.1148rg.242035193-g04mr34g09a-Fig9a-day17.jpeg,,,,,,Yes,train,COVID-19
covid-chestxray-dataset,11547_2020_1202_Fig1_HTML-b.png,,2,,,,Yes,train,COVID-19
covid-chestxray-dataset,1-s2.0-S1931312820301852-gr1_lrg-c.png,,1,,,,Yes,train,COVID-19
covid-chestxray-dataset,00870a9c.jpg,,5,6,,,Yes,train,COVID-19
covid-chestxray-dataset,covid-19-pneumonia-evolution-over-a-week-1-day3.jpg,,,,,,Yes,train,COVID-19
covid-chestxray-dataset,F4341CE7-73C9-45C6-99C8-8567A5484B63.jpeg,,,,,,Yes,train,COVID-19
covid-chestxray-dataset,covid-19-pneumonia-58-day-7.jpg,,,,,,Yes,train,COVID-19
covid-chestxray-dataset,11547_2020_1200_Fig2_HTML-a.png,,1,,,,Yes,train,COVID-19
covid-chestxray-dataset,1-s2.0-S2214250920300706-gr5_lrg.jpg,,,6,,,Yes,train,COVID-19
covid-chestxray-dataset,67d668e570c242404ba82c7cbe2ca8f2-0015-0.jpg,,,,,,Yes,train,COVID-19
covid-chestxray-dataset,1.CXRCTThoraximagesofCOVID-19fromSingapore.pdf-002-fig3b.png,,,,,,No,train,COVID-19
covid-chestxray-dataset,11547_2020_1203_Fig1_HTML-b.png,,3,,,,Yes,train,COVID-19
covid-chestxray-dataset,2168a917.jpg,,,,,,Yes,train,COVID-19
covid-chestxray-dataset,1-s2.0-S2214250920300834-gr1_lrg-b.png,,,3,,,Yes,train,COVID-19
covid-chestxray-dataset,5931B64A-7B97-485D-BE60-3F1EA76BC4F0.jpeg,,,,,,Yes,train,COVID-19
covid-chestxray-dataset,1-s2.0-S1684118220300682-main.pdf-003-b1.png,,,,,,No,train,COVID-19
covid-chestxray-dataset,1-s2.0-S2214250920300706-gr2_lrg.jpg,,,6,,,Yes,train,COVID-19
covid-chestxray-dataset,1-s2.0-S0378603X1500248X-gr2a.jpg,,,,,,No,train,COVID-19
covid-chestxray-dataset,0a6c60063b4bae4de001caaba306d1_jumbo.jpeg,,3,,,,Yes,train,COVID-19
covid-chestxray-dataset,8eda8be6369c87e0899f6d1642e97b_jumbo.jpeg,,,,,,Yes,train,COVID-19
covid-chestxray-dataset,11547_2020_1203_Fig1_HTML-d.png,,4,,,,Yes,train,COVID-19
covid-chestxray-dataset,1-s2.0-S2213716520301168-gr1_lrg-a.png,,6,,,,Yes,train,COVID-19
covid-chestxray-dataset,ryct.2020200034.fig5-day0.jpeg,,,,,,Yes,train,COVID-19
covid-chestxray-dataset,16744_1_1.jpg,,4,,,,Yes,train,COVID-19
covid-chestxray-dataset,01E392EE-69F9-4E33-BFCE-E5C968654078.jpeg,,5,,,,Yes,train,COVID-19
covid-chestxray-dataset,5ed7d0109672bdd3d58a7db7841f6a_jumbo.jpeg,,,,,,Yes,train,COVID-19
covid-chestxray-dataset,2eadbbb367a0366d8c34350d083a83_jumbo.jpeg,,,,,,Yes,train,COVID-19
covid-chestxray-dataset,f8335316.jpg,,,,,,Yes,train,COVID-19
covid-chestxray-dataset,gr2_lrg-c.png,,6,,,,Yes,train,COVID-19
covid-chestxray-dataset,11547_2020_1203_Fig2_HTML-a.png,,,,,,No,train,COVID-19
covid-chestxray-dataset,887db78f.jpg,,,,,,Yes,train,COVID-19
covid-chestxray-dataset,16755_3_1.jpg,,4,,,,Yes,train,COVID-19
covid-chestxray-dataset,1-s2.0-S1684118220300372-gr1_lrg-b.png,,3,,,,Yes,train,COVID-19
covid-chestxray-dataset,39EE8E69-5801-48DE-B6E3-BE7D1BCF3092.jpeg,,,,,,Yes,train,COVID-19
covid-chestxray-dataset,16673_2_1.jpg,,6,,,,Yes,train,COVID-19
covid-chestxray-dataset,E1724330-1866-4581-8CD8-CEC9B8AFEDDE.jpeg,,,,,,No,train,COVID-19
covid-chestxray-dataset,1-s2.0-S2387020620301959-gr3_lrg-a.png,,,,,,Yes,train,COVID-19
covid-chestxray-dataset,auntminnie-b-2020_01_28_23_51_6665_2020_01_28_Vietnam_coronavirus.jpeg,,,,,,Yes,train,COVID-19
covid-chestxray-dataset,6b3bdbc31f65230b8cdcc3cef5f8ba8a-40ac-0.jpg,,,,,,No,train,COVID-19
covid-chestxray-dataset,48c4542c.jpg,,,,,,Yes,train,COVID-19
covid-chestxray-dataset,c17cdd3972b233b97770bb57f7bba6_jumbo.jpeg,,,,,,Yes,train,COVID-19
covid-chestxray-dataset,covid-19-infection-exclusive-gastrointestinal-symptoms-pa.png,,,,,,Yes,train,COVID-19
covid-chestxray-dataset,all14238-fig-0001-m-b.jpg,,,,,,Yes,train,COVID-19
covid-chestxray-dataset,f64132c8.jpg,,,,,,Yes,train,COVID-19
covid-chestxray-dataset,covid-19-pneumonia-progression-and-regression-day20.jpg,,,,,,Yes,train,COVID-19
covid-chestxray-dataset,078d2e0b3e4fec1d603efb0e818c31_jumbo.jpeg,,5,6,,,Yes,train,COVID-19
covid-chestxray-dataset,16747_3_1.jpg,,4,,,,Yes,train,COVID-19
covid-chestxray-dataset,covid-19-caso-95-3-14.png,,,,,,Yes,train,COVID-19
covid-chestxray-dataset,12941_2020_358_Fig1_HTML.jpg,,1,,,,Yes,train,COVID-19
covid-chestxray-dataset,11547_2020_1200_Fig3_HTML-b.png,,5,,,,Yes,train,COVID-19
covid-chestxray-dataset,10.1016-slash-j.hrcr.2020.04.015-fig3-b.png,,1,,,,Yes,train,COVID-19
covid-chestxray-dataset,f6d980a0.jpg,,,,,,Yes,train,COVID-19
covid-chestxray-dataset,16745_5_1.png,,1,,,,Yes,train,COVID-19
covid-chestxray-dataset,10.1016-slash-j.crad.2020.04.002-a.png,,4,,,,Yes,train,COVID-19
covid-chestxray-dataset,35b446ce.jpg,,,,,,Yes,train,COVID-19
covid-chestxray-dataset,extubation-8.jpg,,,,,,No,train,COVID-19
covid-chestxray-dataset,19abe1f3.jpg,,1,,,,Yes,train,COVID-19
covid-chestxray-dataset,2966893D-5DDF-4B68-9E2B-4979D5956C8E.jpeg,,,,,,Yes,train,COVID-19
covid-chestxray-dataset,53EC07C9-5CC6-4BE4-9B6F-D7B0D72AAA7E.jpeg,,,,,,Yes,train,COVID-19
covid-chestxray-dataset,1312A392-67A3-4EBF-9319-810CF6DA5EF6.jpeg,,4,,,,Yes,train,COVID-19
covid-chestxray-dataset,radiol.2020201160.fig2d.jpeg,,,,,,Yes,train,COVID-19
covid-chestxray-dataset,16724_1_1.jpg,,5,,,,Yes,train,COVID-19
covid-chestxray-dataset,article_river_e4d185c06e3511eaa2321d8ab357a1de-c1mn.png,,,,,,Yes,train,COVID-19
covid-chestxray-dataset,41379_2020_536_Fig2_HTML-c1.png,,,,,,No,train,COVID-19
covid-chestxray-dataset,16883_1_1.png,,5,,,,Yes,train,COVID-19
covid-chestxray-dataset,1-s2.0-S1341321X20301124-gr3_lrg-e.png,,5,,,,Yes,train,COVID-19
covid-chestxray-dataset,16669_1_1.jpeg,,5,,,,Yes,train,COVID-19
covid-chestxray-dataset,covid-19-pneumonia-44-day-8.jpeg,,,,,,Yes,train,COVID-19
covid-chestxray-dataset,262a70ca.jpg,,,,,,Yes,train,COVID-19
covid-chestxray-dataset,nejmoa2001191_f3-PA.jpeg,,,,,,Yes,train,COVID-19
covid-chestxray-dataset,11547_2020_1203_Fig1_HTML-a.png,,3,,,,Yes,train,COVID-19
covid-chestxray-dataset,556e19b9d38e2199dfa8722ddff25f_jumbo.jpeg,,,,,,Yes,train,COVID-19
covid-chestxray-dataset,all14238-fig-0002-m-e.jpg,,,,,,Yes,train,COVID-19
covid-chestxray-dataset,covid-19-pneumonia-49-day4.jpg,,,,,,Yes,train,COVID-19
covid-chestxray-dataset,296_2020_4584_Fig2_HTML-b.png,,,,,,Yes,train,COVID-19
covid-chestxray-dataset,03BF7561-A9BA-4C3C-B8A0-D3E585F73F3C.jpeg,,4,3,,,Yes,train,COVID-19
covid-chestxray-dataset,10.1016-slash-j.cardfail.2020.04.007-b.png,,5,,,,Yes,train,COVID-19
covid-chestxray-dataset,16660_4_1.jpg,,6,,,,Yes,train,COVID-19
covid-chestxray-dataset,d009d61f.jpg,,,,,,Yes,train,COVID-19
covid-chestxray-dataset,covid-19-pneumonia-34.png,,,,,,Yes,train,COVID-19
covid-chestxray-dataset,436a6348.jpg,,,,,,Yes,train,COVID-19
covid-chestxray-dataset,covid-19-pneumonia-evolution-over-a-week-1-day4.jpg,,,,,,Yes,train,COVID-19
covid-chestxray-dataset,41182_2020_203_Fig4_HTML.jpg,,,,,,Yes,train,COVID-19
covid-chestxray-dataset,radiol.2020201160.fig2b.jpeg,,,,,,Yes,train,COVID-19
covid-chestxray-dataset,e73d6e89fcd781b8afd159cf533358_jumbo-1.jpeg,,,,,,Yes,train,COVID-19
covid-chestxray-dataset,MERS-CoV-1-s2.0-S0378603X1500248X-gr4e.jpg,,,,,,No,train,COVID-19
covid-chestxray-dataset,covid-19-pneumonia-49-day8.jpg,,,,,,Yes,train,COVID-19
covid-chestxray-dataset,article_river_c79329e06dff11eab69c95940c7c0d00-CXR-D1-COVID19.png,,,,,,Yes,train,COVID-19
covid-chestxray-dataset,all14238-fig-0002-m-f.jpg,,,,,,No,train,COVID-19
covid-chestxray-dataset,10.1016-slash-j.cardfail.2020.04.007-a.png,,5,,,,Yes,train,COVID-19
covid-chestxray-dataset,16706_1_1.png,,1,,,,Yes,train,COVID-19
covid-chestxray-dataset,covid-19-pneumonia-22-day2-pa.png,,,,,,Yes,train,COVID-19
covid-chestxray-dataset,11547_2020_1200_Fig3_HTML-a.png,,2,,,,Yes,train,COVID-19
covid-chestxray-dataset,covid-19-caso-70-2-APS.jpg,,,,,,Yes,train,COVID-19
covid-chestxray-dataset,11547_2020_1203_Fig2_HTML-b.png,,,,,,No,train,COVID-19
covid-chestxray-dataset,1.CXRCTThoraximagesofCOVID-19fromSingapore.pdf-000-fig1b.png,,,,,,No,train,COVID-19
covid-chestxray-dataset,covid-19-pneumonia-progression-and-regression-day6.jpg,,,,,,Yes,train,COVID-19
covid-chestxray-dataset,50e51fcefaa760d0757eeae6eb0858_jumbo.jpeg,,,,,,Yes,train,COVID-19
covid-chestxray-dataset,covid-19-pneumonia-24-day12.jpg,,,,,,Yes,train,COVID-19
covid-chestxray-dataset,5782ae15.jpg,,,,,,Yes,train,COVID-19
covid-chestxray-dataset,1880e301.jpg,,2,,,,Yes,train,COVID-19
covid-chestxray-dataset,covid-19-caso-91-1-12.png,,,,,,Yes,train,COVID-19
covid-chestxray-dataset,16660_2_1.jpg,,5,,,,Yes,train,COVID-19
covid-chestxray-dataset,23E99E2E-447C-46E5-8EB2-D35D12473C39.png,,,,,,Yes,train,COVID-19
covid-chestxray-dataset,lancet-case2a.jpg,,,,,,Yes,train,COVID-19
covid-chestxray-dataset,1-s2.0-S2214250920300706-gr1_lrg.jpg,,,,,,Yes,train,COVID-19
covid-chestxray-dataset,16858_3_1.png,,6,,,,Yes,train,COVID-19
covid-chestxray-dataset,ee2d1bf6.jpg,,,,,,Yes,train,COVID-19
covid-chestxray-dataset,1-s2.0-S0929664620300449-gr2_lrg-a.jpg,,5,,,,Yes,train,COVID-19
covid-chestxray-dataset,covid-19-caso-85-4-6.png,,,,,,Yes,train,COVID-19
covid-chestxray-dataset,f44373474437c99b2740062c914438_jumbo.jpeg,,,,,,Yes,train,COVID-19
covid-chestxray-dataset,article_river_de7471906e0011eabe5f9363acaf45c4-covid-cxr-2.png,,,,,,Yes,train,COVID-19
covid-chestxray-dataset,11547_2020_1203_Fig2_HTML-c.png,,,,,,No,train,COVID-19
covid-chestxray-dataset,1.CXRCTThoraximagesofCOVID-19fromSingapore.pdf-003-fig4b.png,,,,,,No,train,COVID-19
covid-chestxray-dataset,covid-19-pneumonia-progression-and-regression-day1.jpg,,,,,,Yes,train,COVID-19
covid-chestxray-dataset,nejmoa2001191_f4.jpeg,,,,,,Yes,train,COVID-19
covid-chestxray-dataset,16858_1_1.png,,6,,,,Yes,train,COVID-19
covid-chestxray-dataset,c0f74558.jpg,,,,,,Yes,train,COVID-19
covid-chestxray-dataset,covid-19-pneumonia-101.png,,,,,,Yes,train,COVID-19
covid-chestxray-dataset,article_river_2a361d607ea311ea95dbcf0c95d13492-figure-4.png,,,,,,Yes,train,COVID-19
covid-chestxray-dataset,2C26F453-AF3B-4517-BB9E-802CF2179543.jpeg,,,,,,Yes,train,COVID-19
covid-chestxray-dataset,covid-19-rapidly-progressive-acute-respiratory-distress-syndrome-ards-admission.jpg,,,,,,Yes,train,COVID-19
covid-chestxray-dataset,93FE0BB1-022D-4F24-9727-987A07975FFB.jpeg,,,,,,Yes,train,COVID-19
covid-chestxray-dataset,16654_1_1.png,,1,,,,Yes,train,COVID-19
covid-chestxray-dataset,10.1016-slash-j.crad.2020.04.002-b.png,,1,,,,Yes,train,COVID-19
covid-chestxray-dataset,covid-19-pneumonia-24-day7.jpg,,,,,,Yes,train,COVID-19
covid-chestxray-dataset,afaa068f1.png,,,,,,No,train,COVID-19
covid-chestxray-dataset,1.CXRCTThoraximagesofCOVID-19fromSingapore.pdf-003-fig4a.png,,,,,,No,train,COVID-19
covid-chestxray-dataset,nejmc2001573_f1b.jpeg,,,,,,Yes,train,COVID-19
covid-chestxray-dataset,16674_1_1.jpg,,2,,,,Yes,train,COVID-19
covid-chestxray-dataset,8FDE8DBA-CFBD-4B4C-B1A4-6F36A93B7E87.jpeg,,,,,,Yes,train,COVID-19
covid-chestxray-dataset,wong-0000.jpg,,,,,,No,train,COVID-19
covid-chestxray-dataset,covid-19-pneumonia-progression-and-regression-day13.jpg,,,,,,Yes,train,COVID-19
covid-chestxray-dataset,7AF6C1AF-D249-4BD2-8C26-449304105D03.jpeg,,,,,,Yes,train,COVID-19
covid-chestxray-dataset,1-s2.0-S0378603X1500248X-gr3b.jpg,,,,,,No,train,COVID-19
covid-chestxray-dataset,16865_1_1.jpg,,1,,,,Yes,train,COVID-19
covid-chestxray-dataset,4d98e1de.jpg,,,,,,Yes,train,COVID-19
covid-chestxray-dataset,88de9d8c39e946abd495b37cd07d89e5-2ee6-0.jpg,,,,,,Yes,train,COVID-19
covid-chestxray-dataset,covid-19-pneumonia-58-day-9.jpg,,,,,,Yes,train,COVID-19
covid-chestxray-dataset,covid-19-caso-86-Rx-torace-1.jpg,,,,,,Yes,train,COVID-19
covid-chestxray-dataset,b39f5cf9.jpg,,,,,,Yes,train,COVID-19
covid-chestxray-dataset,figure1-5e73d7ae897e27ff066a30cb-98.jpeg,,,,,,Yes,train,COVID-19
covid-chestxray-dataset,SARS-10.1148rg.242035193-g04mr34g07a-Fig7a-day5.jpeg,,,,,,Yes,train,COVID-19
covid-chestxray-dataset,08ed451c576ee00935ee178ec85c57_jumbo-1.jpeg,,4,,,,Yes,train,COVID-19
covid-chestxray-dataset,aqaa062i0002-b.png,,,,,,Yes,train,COVID-19
covid-chestxray-dataset,3248cc61.jpg,,,,,,Yes,train,COVID-19
covid-chestxray-dataset,58cb9263f16e94305c730685358e4e_jumbo.jpeg,,,,,,Yes,train,COVID-19
covid-chestxray-dataset,nejmoa2001191_f1-PA.jpeg,,,,,,Yes,train,COVID-19
covid-chestxray-dataset,24035bda.jpg,,,,,,Yes,train,COVID-19
covid-chestxray-dataset,16660_3_1.jpg,,4,,,,Yes,train,COVID-19
covid-chestxray-dataset,covid-19-pneumonia-rapidly-progressive-12-hours.jpg,,,,,,Yes,train,COVID-19
covid-chestxray-dataset,1-s2.0-S1931312820301852-gr1_lrg-a.png,,4,,,,Yes,train,COVID-19
covid-chestxray-dataset,68_2020_1364_Fig1_HTML-b.png,,,,,,Yes,train,COVID-19
covid-chestxray-dataset,5A78BCA9-5B7A-440D-8A4E-AE7710EA6EAD.jpeg,,,,,,Yes,train,COVID-19
covid-chestxray-dataset,1.CXRCTThoraximagesofCOVID-19fromSingapore.pdf-001-fig2b.png,,,,,,No,train,COVID-19
covid-chestxray-dataset,be835db3a56b5f76d607061dbb82a5_jumbo.jpeg,,,,,,Yes,train,COVID-19
covid-chestxray-dataset,wong-0002.jpg,,,,,,Yes,train,COVID-19
covid-chestxray-dataset,jkms-35-e79-g001-l-c.jpg,,,,,,No,train,COVID-19
covid-chestxray-dataset,9C34AF49-E589-44D5-92D3-168B3B04E4A6.jpeg,,,,,,Yes,train,COVID-19
covid-chestxray-dataset,16654_4_1.jpg,,5,,,,Yes,train,COVID-19
covid-chestxray-dataset,1.CXRCTThoraximagesofCOVID-19fromSingapore.pdf-002-fig3a.png,,,,,,No,train,COVID-19
covid-chestxray-dataset,1052b0fe.jpg,,2,,,,Yes,train,COVID-19
covid-chestxray-dataset,11547_2020_1203_Fig1_HTML-c.png,,3,,,,Yes,train,COVID-19
covid-chestxray-dataset,68_2020_1364_Fig1_HTML-a.png,,,,,,Yes,train,COVID-19
covid-chestxray-dataset,10.1016-slash-j.anl.2020.04.002-c.png,,,,,,No,train,COVID-19
covid-chestxray-dataset,1-s2.0-S0196070920301691-gr3_lrg.jpg,,4,,,,Yes,train,COVID-19
covid-chestxray-dataset,db96a050.jpg,,,,,,Yes,train,COVID-19
covid-chestxray-dataset,3eaf15de91d4ff55e6fb0e04cadb81_jumbo.jpeg,,,,,,Yes,train,COVID-19
covid-chestxray-dataset,wong-0005.jpg,,,,,,No,train,COVID-19
covid-chestxray-dataset,1-s2.0-S2214250920300834-gr1_lrg-c.png,,,,,,Yes,train,COVID-19
covid-chestxray-dataset,80446565-E090-4187-A031-9D3CEAA586C8.jpeg,,,,,,Yes,train,COVID-19
covid-chestxray-dataset,16669_3_1.jpeg,,6,,,,Yes,train,COVID-19
covid-chestxray-dataset,d9d6ca9a.jpg,,,,,,Yes,train,COVID-19
covid-chestxray-dataset,radiol.2020201160.fig3c.jpeg,,,,,,Yes,train,COVID-19
covid-chestxray-dataset,gr2_lrg-b.png,,6,,,,Yes,train,COVID-19
covid-chestxray-dataset,9fdd3c3032296fd04d2cad5d9070d4_jumbo.jpeg,,,,,,Yes,train,COVID-19
covid-chestxray-dataset,67d668e570c242404ba82c7cbe2ca8f2-05be-0.jpg,,,,,,Yes,train,COVID-19
covid-chestxray-dataset,6770dac454c45c86bc6c2d6193b177_jumbo.jpeg,,,,,,Yes,train,COVID-19
covid-chestxray-dataset,covid-19-pneumonia-progression-and-regression-day24.jpg,,,,,,Yes,train,COVID-19
covid-chestxray-dataset,radiol.2020201160.fig3a.jpeg,,,,,,Yes,train,COVID-19
covid-chestxray-dataset,4fcafe41.jpg,,,,,,Yes,train,COVID-19
covid-chestxray-dataset,covid-19-pneumonia-7-PA.jpg,,,,,,Yes,train,COVID-19
covid-chestxray-dataset,6C94A287-C059-46A0-8600-AFB95F4727B7.jpeg,,,,,,Yes,train,COVID-19
covid-chestxray-dataset,1-s2.0-S1684118220300372-gr1_lrg-a.png,,1,,,,Yes,train,COVID-19
covid-chestxray-dataset,10.1016-slash-j.chest.2020.04.024.png,,5,,,,Yes,train,COVID-19
covid-chestxray-dataset,a2eba651.jpg,,,,,,Yes,train,COVID-19
covid-chestxray-dataset,3fd337c1.jpg,,,,,,Yes,train,COVID-19
covid-chestxray-dataset,fedd6c94d5dbd12d88c81a1020a3e4_jumbo.jpeg,,,,,,Yes,train,COVID-19
covid-chestxray-dataset,radiol.2020200274.fig3d.png,,,,,,No,train,COVID-19
covid-chestxray-dataset,covid-19-rapidly-progressive-acute-respiratory-distress-syndrome-ards-day-2.jpg,,,,,,Yes,train,COVID-19
covid-chestxray-dataset,SARS-10.1148rg.242035193-g04mr34g0-Fig8b-day5.jpeg,,,,,,Yes,train,COVID-19
covid-chestxray-dataset,11547_2020_1203_Fig2_HTML-d.png,,,,,,No,train,COVID-19
covid-chestxray-dataset,882fd7ec99b523aead995d78f3129f_jumbo.jpeg,,,,,,Yes,train,COVID-19
covid-chestxray-dataset,B59DD164-51D5-40DF-A926-6A42DD52EBE8.jpeg,,,,,,Yes,train,COVID-19
covid-chestxray-dataset,10.1016-slash-j.healun.2020.04.004.jpg.png,,2,4,,,Yes,train,COVID-19
covid-chestxray-dataset,270_2020_2470_Fig1_HTML-b.png,,,,,,Yes,train,COVID-19
covid-chestxray-dataset,covid-19-pneumonia-20.jpg,,,,,,Yes,train,COVID-19
covid-chestxray-dataset,SARS-10.1148rg.242035193-g04mr34g09b-Fig9b-day19.jpeg,,,,,,Yes,train,COVID-19
covid-chestxray-dataset,radiol.2020201160.fig2c.jpeg,,,,,,Yes,train,COVID-19
covid-chestxray-dataset,1-s2.0-S1521661620303314-gr1_lrg-b.png,,3,,,,Yes,train,COVID-19
covid-chestxray-dataset,bfefde5d.jpg,,,,,,Yes,train,COVID-19
covid-chestxray-dataset,071d06607edf81d70c940e043bce34_jumbo.jpeg,,5,5,,,Yes,train,COVID-19
covid-chestxray-dataset,16660_1_1.jpg,,5,,,,Yes,train,COVID-19
covid-chestxray-dataset,covid-19-pneumonia-rapidly-progressive-3-days.jpg,,,,,,Yes,train,COVID-19
covid-chestxray-dataset,1-s2.0-S0378603X1500248X-gr4a.jpg,,,,,,No,train,COVID-19
covid-chestxray-dataset,radiol.2020201160.fig2a.jpeg,,,,,,Yes,train,COVID-19
covid-chestxray-dataset,7-fatal-covid19.jpg,,,,,,No,train,COVID-19
covid-chestxray-dataset,bd3ceeb6.jpg,,,,,,Yes,train,COVID-19
covid-chestxray-dataset,AR-2.jpg,,,,,,No,train,COVID-19
covid-chestxray-dataset,F2DE909F-E19C-4900-92F5-8F435B031AC6.jpeg,,,,,,Yes,train,COVID-19
covid-chestxray-dataset,85E52EB3-56E9-4D67-82DA-DEA247C82886.jpeg,,,,,,Yes,train,COVID-19
covid-chestxray-dataset,covid-19-caso-82-1-8.png,,,,,,No,train,COVID-19
covid-chestxray-dataset,covid-19-pneumonia-42.jpeg,,,,,,Yes,train,COVID-19
covid-chestxray-dataset,covid-19-pneumonia-41-day-2.jpg,,,,,,Yes,train,COVID-19
covid-chestxray-dataset,1-s2.0-S0889159120306851-gr2b_lrg.jpg,,5,,,,Yes,train,COVID-19
COVID-19-Radiography-Database,COVID-19 (4).png,,,,,,Yes,train,COVID-19
COVID-19-Radiography-Database,COVID-19 (90).png,,,,,,Yes,train,COVID-19
COVID-19-Radiography-Database,COVID-19(188).png,,,,,,Yes,train,COVID-19
COVID-19-Radiography-Database,COVID-19(148).png,,,,,,Yes,train,COVID-19
COVID-19-Radiography-Database,COVID-19(170).png,,,,,,Yes,train,COVID-19
COVID-19-Radiography-Database,COVID-19 (2).png,,,,,,Yes,train,COVID-19
COVID-19-Radiography-Database,COVID-19 (95).png,,,,,,Yes,train,COVID-19
COVID-19-Radiography-Database,COVID-19(152).png,,,3,,,Yes,train,COVID-19
COVID-19-Radiography-Database,COVID-19(199).png,,,,,,Yes,train,COVID-19
COVID-19-Radiography-Database,COVID-19(203).png,,,,,,Yes,train,COVID-19
COVID-19-Radiography-Database,COVID-19 (59).png,,,,,,Yes,train,COVID-19
COVID-19-Radiography-Database,COVID-19 (64).png,,,,,,Yes,train,COVID-19
COVID-19-Radiography-Database,COVID-19(150).png,,,3,,,Yes,train,COVID-19
COVID-19-Radiography-Database,COVID-19 (89).png,,,,,,Yes,train,COVID-19
COVID-19-Radiography-Database,COVID-19 (91).png,,,,,,Yes,train,COVID-19
COVID-19-Radiography-Database,COVID-19 (33).png,,,,,,Yes,train,COVID-19
COVID-19-Radiography-Database,COVID-19 (34).png,,,,,,Yes,train,COVID-19
COVID-19-Radiography-Database,COVID-19(191).png,,,,,,Yes,train,COVID-19
COVID-19-Radiography-Database,COVID-19(207).png,,,,,,Yes,train,COVID-19
COVID-19-Radiography-Database,COVID-19 (61).png,,,,,,Yes,train,COVID-19
COVID-19-Radiography-Database,COVID-19 (28).png,,,,,,Yes,train,COVID-19
COVID-19-Radiography-Database,COVID-19 (97).png,,,,,,Yes,train,COVID-19
COVID-19-Radiography-Database,COVID-19 (68).png,,,,,,Yes,train,COVID-19
COVID-19-Radiography-Database,COVID-19 (16).png,,,4,,,Yes,train,COVID-19
COVID-19-Radiography-Database,COVID-19(178).png,,,,,,Yes,train,COVID-19
COVID-19-Radiography-Database,COVID-19 (83).png,,,,,,Yes,train,COVID-19
COVID-19-Radiography-Database,COVID-19(171).png,,,,,,Yes,train,COVID-19
COVID-19-Radiography-Database,COVID-19(160).png,,,,,,Yes,train,COVID-19
COVID-19-Radiography-Database,COVID-19(145).png,,,6,,,Yes,train,COVID-19
COVID-19-Radiography-Database,COVID-19 (29).png,,,,,,Yes,train,COVID-19
COVID-19-Radiography-Database,COVID-19 (79).png,,,,,,Yes,train,COVID-19
COVID-19-Radiography-Database,COVID-19(209).png,,,,,,Yes,train,COVID-19
COVID-19-Radiography-Database,COVID-19 (38).png,,,,,,Yes,train,COVID-19
COVID-19-Radiography-Database,COVID-19 (94).png,,,,,,Yes,train,COVID-19
COVID-19-Radiography-Database,COVID-19(173).png,,,,,,Yes,train,COVID-19
COVID-19-Radiography-Database,COVID-19 (133).png,,,6,,,Yes,train,COVID-19
COVID-19-Radiography-Database,COVID-19(192).png,,,,,,Yes,train,COVID-19
COVID-19-Radiography-Database,COVID-19 (54).png,,,,,,Yes,train,COVID-19
COVID-19-Radiography-Database,COVID-19(158).png,,,,,,Yes,train,COVID-19
COVID-19-Radiography-Database,COVID-19 (3).png,,,,,,Yes,train,COVID-19
COVID-19-Radiography-Database,COVID-19(168).png,,,,,,Yes,train,COVID-19
COVID-19-Radiography-Database,COVID-19 (45).png,,,,,,Yes,train,COVID-19
COVID-19-Radiography-Database,COVID-19 (129).png,,,6,,,Yes,train,COVID-19
COVID-19-Radiography-Database,COVID-19(143).png,,,6,,,Yes,train,COVID-19
COVID-19-Radiography-Database,COVID-19(156).png,,,3,,,Yes,train,COVID-19
COVID-19-Radiography-Database,COVID-19 (11).png,,,,,,Yes,train,COVID-19
COVID-19-Radiography-Database,COVID-19 (98).png,,,,,,Yes,train,COVID-19
COVID-19-Radiography-Database,COVID-19 (49).png,,,,,,Yes,train,COVID-19
COVID-19-Radiography-Database,COVID-19 (44).png,,,,,,Yes,train,COVID-19
COVID-19-Radiography-Database,COVID-19 (114).png,,,3,,,Yes,train,COVID-19
COVID-19-Radiography-Database,COVID-19 (43).png,,,,,,Yes,train,COVID-19
COVID-19-Radiography-Database,COVID-19 (20).png,,,,,,Yes,train,COVID-19
COVID-19-Radiography-Database,COVID-19 (67).png,,,,,,Yes,train,COVID-19
COVID-19-Radiography-Database,COVID-19(205).png,,,,,,Yes,train,COVID-19
COVID-19-Radiography-Database,COVID-19(167).png,,,,,,Yes,train,COVID-19
COVID-19-Radiography-Database,COVID-19 (115).png,,,6,,,Yes,train,COVID-19
COVID-19-Radiography-Database,COVID-19 (14).png,,,6,,,Yes,train,COVID-19
COVID-19-Radiography-Database,COVID-19 (85).png,,,,,,Yes,train,COVID-19
COVID-19-Radiography-Database,COVID-19 (10).png,,,,,,Yes,train,COVID-19
COVID-19-Radiography-Database,COVID-19(138).png,,,,,,Yes,train,COVID-19
COVID-19-Radiography-Database,COVID-19(189).png,,,,,,Yes,train,COVID-19
COVID-19-Radiography-Database,COVID-19(180).png,,,,,,Yes,train,COVID-19
rsna_normal,1847b55c-2fed-494c-8d76-7f76630ba39f.png,,0,0,,,Yes,val,Normal
rsna_normal,1578e536-3b42-4258-967d-0ea897410008.png,,0,0,,,Yes,val,Normal
rsna_normal,3d777b7d-4dd4-40f2-96cd-0652a37dbc51.png,,0,0,,,Yes,val,Normal
rsna_normal,3596a38f-dcd0-471a-bf3c-32d221d98184.png,,0,0,,,Yes,val,Normal
rsna_normal,3a7feaee-a0fb-4db7-814d-ebc3a9f98824.png,,0,0,,,Yes,val,Normal
rsna_normal,2d107d75-46d8-4679-8086-f23f28872982.png,,0,0,,,Yes,val,Normal
rsna_normal,3ea080bf-4e81-4037-a686-fcf254a9e1bb.png,,0,0,,,Yes,val,Normal
rsna_normal,45dd0d26-0740-4c32-bd01-34246a41f3e3.png,,0,0,,,Yes,val,Normal
rsna_normal,36a469a1-0d5c-446f-bf20-2eab563490eb.png,,0,0,,,Yes,val,Normal
rsna_normal,31bfdeb1-9233-4db2-849f-bb890cd0d397.png,,0,0,,,Yes,val,Normal
rsna_normal,4566cfe1-c7bf-43be-9b25-013ff55f4370.png,,0,0,,,Yes,val,Normal
rsna_normal,3fe1550e-8bcb-4732-a343-725acce70531.png,,0,0,,,Yes,val,Normal
rsna_normal,1e091e21-abd1-48f4-b6f2-3e07ed47b247.png,,0,0,,,Yes,val,Normal
rsna_normal,46c57efc-d199-4e20-858a-0946989f9f96.png,,0,0,,,Yes,val,Normal
rsna_normal,483e8681-026f-4e64-a140-a914b7b0e897.png,,0,0,,,Yes,val,Normal
rsna_normal,33596fbb-e758-4e0b-83ec-3b8b7faeae6c.png,,0,0,,,Yes,val,Normal
rsna_normal,0ae93f35-2954-41a2-a33b-6614f36dd1c3.png,,0,0,,,Yes,val,Normal
rsna_normal,35669389-7137-41c8-9040-f6b4aaf7ec3f.png,,0,0,,,Yes,val,Normal
rsna_normal,40cbe831-406d-4492-961e-373493628c03.png,,0,0,,,Yes,val,Normal
rsna_normal,3a23c1d9-6a57-4760-bfc4-ab335af23a91.png,,0,0,,,Yes,val,Normal
rsna_normal,193fcf6f-e8c1-4ddd-bf36-7abcc1b0cabf.png,,0,0,,,Yes,val,Normal
rsna_normal,160be734-72c5-4f7b-a02f-5425c65bb084.png,,0,0,,,Yes,val,Normal
rsna_normal,3e19b1b9-1391-401b-8038-61c74a4ff1e3.png,,0,0,,,Yes,val,Normal
rsna_normal,4572eb1c-0810-48c5-aa40-3c3b7b15bc4f.png,,0,0,,,Yes,val,Normal
rsna_normal,042bde1a-88c1-4ae5-af0c-1a409e1e09ee.png,,0,0,,,Yes,val,Normal
rsna_normal,3d46edf3-15a7-4f6b-a89c-bc11949e2550.png,,0,0,,,Yes,val,Normal
rsna_normal,188dece6-09da-4166-9d7f-18c495358216.png,,0,0,,,Yes,val,Normal
rsna_normal,182fed4c-d92a-4440-b135-6caa8cab16a8.png,,0,0,,,Yes,val,Normal
rsna_normal,2c19d9cd-9662-40ad-9d93-1a6637a88e79.png,,0,0,,,Yes,val,Normal
rsna_normal,34af8493-cc6d-4bc1-99c7-2a0814906c50.png,,0,0,,,Yes,val,Normal
rsna_normal,48b5f206-d246-4b30-abc1-aa640692fb75.png,,0,0,,,Yes,val,Normal
rsna_normal,3fd6fcca-e35b-432b-8e7f-be83b110694c.png,,0,0,,,Yes,val,Normal
rsna_normal,06a2ae98-575c-40c3-a32b-d0c80fee06c5.png,,0,0,,,Yes,val,Normal
rsna_normal,31bfce74-d914-4acd-9aeb-1155a3c52ecc.png,,0,0,,,Yes,val,Normal
rsna_normal,03f43232-8362-4a4b-8632-aa336ce7ac08.png,,0,0,,,Yes,val,Normal
Actualmed-COVID-chestxray-dataset,CR.1.2.840.113564.1722810170.20200326010813390400.1003000225002.png,,1,,,,Yes,val,COVID-19
Actualmed-COVID-chestxray-dataset,CR.1.2.840.113564.1722810170.20200321172326140930.1003000225002.png,,2,,,,Yes,val,COVID-19
Actualmed-COVID-chestxray-dataset,CR.1.2.840.113564.1722810170.20200329171322703880.1003000225002.png,,6,,,,Yes,val,COVID-19
Actualmed-COVID-chestxray-dataset,CR.1.2.840.113564.1722810170.20200408094743609850.1003000225002.png,,2,,,,Yes,val,COVID-19
Figure1-COVID-chestxray-dataset,COVID-00006.jpg,,,,,,No,val,COVID-19
Figure1-COVID-chestxray-dataset,COVID-00025.jpg,,6,,,,Yes,val,COVID-19
Figure1-COVID-chestxray-dataset,COVID-00008.jpg,,3,4,,,Yes,val,COVID-19
chest_xray_normal,IM-0286-0001.png,,0,0,,,Yes,val,Normal
chest_xray_normal,IM-0729-0001.png,,0,0,,,Yes,val,Normal
chest_xray_normal,NORMAL2-IM-0961-0001.png,,0,0,,,Yes,val,Normal
chest_xray_normal,NORMAL2-IM-0966-0001.png,,0,0,,,Yes,val,Normal
chest_xray_normal,NORMAL2-IM-1310-0001.png,,0,0,,,Yes,val,Normal
chest_xray_normal,NORMAL2-IM-0481-0001.png,,0,0,,,Yes,val,Normal
chest_xray_normal,NORMAL2-IM-0098-0001.png,,0,0,,,Yes,val,Normal
chest_xray_normal,NORMAL2-IM-1261-0001.png,,0,0,,,Yes,val,Normal
chest_xray_normal,NORMAL2-IM-1152-0001-0002.png,,0,0,,,Yes,val,Normal
chest_xray_normal,NORMAL2-IM-0746-0001.png,,0,0,,,Yes,val,Normal
chest_xray_normal,IM-0505-0001-0001.png,,0,0,,,Yes,val,Normal
chest_xray_normal,IM-0382-0001.png,,0,0,,,Yes,val,Normal
chest_xray_normal,IM-0722-0001.png,,0,0,,,Yes,val,Normal
chest_xray_normal,IM-0500-0001.png,,0,0,,,Yes,val,Normal
chest_xray_normal,NORMAL2-IM-0537-0001.png,,0,0,,,Yes,val,Normal
chest_xray_normal,NORMAL2-IM-0139-0001.png,,0,0,,,Yes,val,Normal
chest_xray_normal,IM-0033-0001-0002.png,,0,0,,,Yes,val,Normal
chest_xray_normal,NORMAL2-IM-1308-0001.png,,0,0,,,Yes,val,Normal
chest_xray_normal,IM-0425-0001.png,,0,0,,,Yes,val,Normal
chest_xray_normal,NORMAL2-IM-0079-0001.png,,0,0,,,Yes,val,Normal
chest_xray_normal,NORMAL2-IM-0312-0001.png,,0,0,,,Yes,val,Normal
chest_xray_normal,NORMAL2-IM-0954-0001.png,,0,0,,,Yes,val,Normal
chest_xray_normal,IM-0349-0001.png,,0,0,,,Yes,val,Normal
chest_xray_normal,IM-0557-0001.png,,0,0,,,Yes,val,Normal
chest_xray_normal,NORMAL2-IM-0348-0001.png,,0,0,,,Yes,val,Normal
chest_xray_normal,IM-0277-0001.png,,0,0,,,Yes,val,Normal
chest_xray_normal,IM-0337-0001.png,,0,0,,,Yes,val,Normal
chest_xray_normal,IM-0650-0001-0002.png,,0,0,,,Yes,val,Normal
chest_xray_normal,NORMAL2-IM-0007-0001.png,,0,0,,,Yes,val,Normal
chest_xray_normal,NORMAL2-IM-1338-0001.png,,0,0,,,Yes,val,Normal
chest_xray_normal,IM-0582-0001.png,,0,0,,,Yes,val,Normal
chest_xray_normal,NORMAL2-IM-0661-0001.png,,0,0,,,Yes,val,Normal
chest_xray_normal,IM-0650-0001-0001.png,,0,0,,,Yes,val,Normal
chest_xray_normal,NORMAL2-IM-0421-0001.png,,0,0,,,Yes,val,Normal
chest_xray_normal,NORMAL2-IM-1044-0001.png,,0,0,,,Yes,val,Normal
chest_xray_normal,IM-0430-0001.png,,0,0,,,Yes,val,Normal
chest_xray_normal,NORMAL2-IM-1287-0001.png,,0,0,,,Yes,val,Normal
chest_xray_normal,NORMAL2-IM-1067-0001.png,,0,0,,,Yes,val,Normal
chest_xray_normal,IM-0011-0001-0001.png,,0,0,,,Yes,val,Normal
chest_xray_normal,NORMAL2-IM-1142-0001.png,,0,0,,,Yes,val,Normal
chest_xray_normal,NORMAL2-IM-1136-0001.png,,0,0,,,Yes,val,Normal
chest_xray_normal,IM-0598-0001.png,,0,0,,,Yes,val,Normal
chest_xray_normal,NORMAL2-IM-0491-0001.png,,0,0,,,Yes,val,Normal
covid-chestxray-dataset,post-intubuation-pneumomediastium-and-pneumothorax-background-covid-19-pneumonia-day7.jpg,,,,,,Yes,val,COVID-19
covid-chestxray-dataset,F63AB6CE-1968-4154-A70F-913AF154F53D.jpeg,,,,,,Yes,val,COVID-19
covid-chestxray-dataset,10.1016-slash-j.jhin.2020.03.036.png,,4,,,,Yes,val,COVID-19
covid-chestxray-dataset,16660_5_1.jpg,,6,,,,Yes,val,COVID-19
covid-chestxray-dataset,covid-19-pneumonia-15-PA.jpg,,,,,,Yes,val,COVID-19
covid-chestxray-dataset,covid-19-caso-85-5-4.png,,,,,,Yes,val,COVID-19
covid-chestxray-dataset,SARS-10.1148rg.242035193-g04mr34g04b-Fig4b-day12.jpeg,,,,,,Yes,val,COVID-19
covid-chestxray-dataset,ajr.20.23034.pdf-001.png,,,,,,No,val,COVID-19
covid-chestxray-dataset,10.1016-slash-j.hrcr.2020.04.015-a.png,,2,2,,,Yes,val,COVID-19
covid-chestxray-dataset,covid-19-pneumonia-19.jpg,,,,,,Yes,val,COVID-19
covid-chestxray-dataset,nejmoa2001017_f1-a.png,,,,,,Yes,val,COVID-19
covid-chestxray-dataset,1-s2.0-S2387020620301959-gr4_lrg-b.png,,,,,,No,val,COVID-19
covid-chestxray-dataset,covid-19-caso-94-1-14.png,,,,,,Yes,val,COVID-19
covid-chestxray-dataset,ae6c954c0039de4b5edee53865ffee43-e6c8-0.jpg,,,,,,No,val,COVID-19
covid-chestxray-dataset,c94ef38ddb2d94aa11828716777139_jumbo.jpeg,,,,,,Yes,val,COVID-19
covid-chestxray-dataset,figure1-5e71be566aa8714a04de3386-98-left.jpeg,,,,,,Yes,val,COVID-19
covid-chestxray-dataset,1-s2.0-S1521661620303314-gr1_lrg-a.png,,6,,,,Yes,val,COVID-19
covid-chestxray-dataset,article_river_1a00a3c07ea311eab70491c6fb93d336-figure-2.png,,,,,,Yes,val,COVID-19
covid-chestxray-dataset,ec083e35.jpg,,,,,,Yes,val,COVID-19
covid-chestxray-dataset,1.CXRCTThoraximagesofCOVID-19fromSingapore.pdf-000-fig1a.png,,,,,,No,val,COVID-19
covid-chestxray-dataset,covid-19-pneumonia-23-day9.jpg,,,,,,Yes,val,COVID-19
covid-chestxray-dataset,f46a9bfc7222e61e099a25ab9267da_jumbo.jpeg,,,,,,Yes,val,COVID-19
covid-chestxray-dataset,radiol.2020201160.fig3d.jpeg,,,,,,Yes,val,COVID-19
covid-chestxray-dataset,5acb8ac5.jpg,,,,,,Yes,val,COVID-19
covid-chestxray-dataset,figure1-5e7c1b8d98c29ab001275405-98.jpeg,,,,,,Yes,val,COVID-19
covid-chestxray-dataset,10.1016-slash-j.anl.2020.04.002-b.png,,,,,,No,val,COVID-19
covid-chestxray-dataset,covid-19-caso-99-1-19.png,,,,,,Yes,val,COVID-19
covid-chestxray-dataset,covid-19-pneumonia-40.jpg,,,,,,Yes,val,COVID-19
covid-chestxray-dataset,radiol.2020200490.fig3.jpeg,,,,,,Yes,val,COVID-19
covid-chestxray-dataset,1d435a4b.jpg,,1,,,,Yes,val,COVID-19
covid-chestxray-dataset,2d8a60a26381b256a5a6373708950e_jumbo.jpeg,,,,,,Yes,val,COVID-19
covid-chestxray-dataset,1B734A89-A1BF-49A8-A1D3-66FAFA4FAC5D.jpeg,,1,,,,Yes,val,COVID-19
covid-chestxray-dataset,2C10A413-AABE-4807-8CCE-6A2025594067.jpeg,,,,,,No,val,COVID-19
covid-chestxray-dataset,covid-19-pneumonia-93.png,,,,,,Yes,val,COVID-19
covid-chestxray-dataset,14d81f378173b86cc53f21d2d67040_jumbo.jpeg,,4,,,,Yes,val,COVID-19
covid-chestxray-dataset,4e43e48d52c9e2d4c6c1fb9bc1544f_jumbo.jpeg,,,,,,Yes,val,COVID-19
COVID-19-Radiography-Database,COVID-19 (13).png,,,,,,Yes,val,COVID-19
COVID-19-Radiography-Database,COVID-19 (46).png,,,,,,Yes,val,COVID-19
COVID-19-Radiography-Database,COVID-19 (117).png,,,,,,Yes,val,COVID-19
COVID-19-Radiography-Database,COVID-19 (109).png,,,6,,,Yes,val,COVID-19
COVID-19-Radiography-Database,COVID-19 (96).png,,,,,,Yes,val,COVID-19
COVID-19-Radiography-Database,COVID-19(136).png,,,,,,Yes,val,COVID-19
COVID-19-Radiography-Database,COVID-19(190).png,,,,,,Yes,val,COVID-19
COVID-19-Radiography-Database,COVID-19(211).png,,,,,,Yes,val,COVID-19
rsna_normal,4b1cab8a-c9bd-40e6-bc86-23c6be98a099.png,,0,0.0,,,Yes,test,Normal
rsna_normal,44f25bee-b705-4e42-a599-abb8a9ec9221.png,,0,0.0,,,Yes,test,Normal
rsna_normal,400ca4f8-95cc-4c78-acbc-c86ec651ffef.png,,0,0.0,,,Yes,test,Normal
rsna_normal,45b4a690-d6a0-400b-bd1e-80ce669bc5c4.png,,0,0.0,,,Yes,test,Normal
rsna_normal,47bff3a6-24eb-4dbc-8985-a9bda8fc4325.png,,0,0.0,,,Yes,test,Normal
rsna_normal,4306c11d-d8b8-4494-a9a9-663d5dbaef8e.png,,0,0.0,,,Yes,test,Normal
rsna_normal,3bf39734-e635-4b88-a869-48aa46480806.png,,0,0.0,,,Yes,test,Normal
rsna_normal,296a0445-1221-4911-9bf2-52c67c52dd63.png,,0,0.0,,,Yes,test,Normal
rsna_normal,020fb648-3b1e-404a-a0b4-f25d6b277c1a.png,,0,0.0,,,Yes,test,Normal
rsna_normal,3b2503ab-5006-420a-a26a-f5c8409488bf.png,,0,0.0,,,Yes,test,Normal
rsna_normal,3a5f682b-e24a-4756-97a9-0a8758d4a88d.png,,0,0.0,,,Yes,test,Normal
rsna_normal,33210eba-57f9-44fe-870c-4ca9b94a9e22.png,,0,0.0,,,Yes,test,Normal
rsna_normal,364ed67e-971c-4c7e-9713-aeb0eb0bc6d3.png,,0,0.0,,,Yes,test,Normal
rsna_normal,3f78f146-2666-454a-a91b-793dc0943de0.png,,0,0.0,,,Yes,test,Normal
rsna_normal,3c1e9e21-6e14-4ef7-a4ba-be8588e527ff.png,,0,0.0,,,Yes,test,Normal
rsna_normal,46cfe8ef-549c-4b26-95b9-3a0b2cea22d5.png,,0,0.0,,,Yes,test,Normal
rsna_normal,1491ad3a-c263-417d-af7b-159f05b72e63.png,,0,0.0,,,Yes,test,Normal
rsna_normal,170a883f-c2ec-489e-8718-729060379eef.png,,0,0.0,,,Yes,test,Normal
rsna_normal,34c12ed5-c4c2-43d8-955d-3694eaade548.png,,0,0.0,,,Yes,test,Normal
rsna_normal,3f5b6009-5a85-4778-85e2-c7579e00d1f2.png,,0,0.0,,,Yes,test,Normal
rsna_normal,082391ac-5057-4479-8abf-12b42afb47ca.png,,0,0.0,,,Yes,test,Normal
rsna_normal,16295f19-6f89-4bdf-bfc5-0457e4b4bb89.png,,0,0.0,,,Yes,test,Normal
rsna_normal,32df6985-95b4-4624-a16a-f502702f1a0d.png,,0,0.0,,,Yes,test,Normal
rsna_normal,3d02606b-922b-4423-9a94-253410fc66d4.png,,0,0.0,,,Yes,test,Normal
rsna_normal,33edceb6-b8c3-4d4b-84af-f755b48f9cdf.png,,0,0.0,,,Yes,test,Normal
rsna_normal,3a240406-146b-4521-a667-c15a29c67fdd.png,,0,0.0,,,Yes,test,Normal
rsna_normal,3a19bdf2-b88b-4414-97bd-b24d79cdd53d.png,,0,0.0,,,Yes,test,Normal
rsna_normal,46dc08fc-d60c-4578-a7f9-0a827dab7003.png,,0,0.0,,,Yes,test,Normal
rsna_normal,42851437-53be-45a6-9e99-f373b136c855.png,,0,0.0,,,Yes,test,Normal
rsna_normal,38ccf1a4-071c-4243-86b5-3f7d5db8df5c.png,,0,0.0,,,Yes,test,Normal
rsna_normal,4954509b-d98d-4b66-94eb-548b89f9a582.png,,0,0.0,,,Yes,test,Normal
rsna_normal,40f55d75-0e89-4392-a32c-84ff66530a4a.png,,0,0.0,,,Yes,test,Normal
rsna_normal,07755c77-1391-49f1-8fdb-832082887aec.png,,0,0.0,,,Yes,test,Normal
rsna_normal,332c629d-1d50-459d-ae88-4ede4f291b28.png,,0,0.0,,,Yes,test,Normal
rsna_normal,45ab73a0-6d78-47e1-9282-a9eedf30289d.png,,0,0.0,,,Yes,test,Normal
rsna_normal,075f24e4-0d8e-4606-8e68-ee5ea0b953b5.png,,0,0.0,,,Yes,test,Normal
Actualmed-COVID-chestxray-dataset,DX.1.2.840.113564.1722810162.202004071718231126.1203801020003.png,,2,,,,Yes,test,COVID-19
Actualmed-COVID-chestxray-dataset,CR.1.2.840.113564.1722810170.20200416020138312830.1003000225002.png,,5,,,,Yes,test,COVID-19
Actualmed-COVID-chestxray-dataset,DX.1.2.840.113564.1722810162.202003281918584533.1203801020003.png.bmp,,,,,,Yes,test,COVID-19
Actualmed-COVID-chestxray-dataset,CR.1.2.840.113564.1722810170.20200407121512859570.1003000225002.png,,5,,,,Yes,test,COVID-19
Actualmed-COVID-chestxray-dataset,CR.1.2.840.113564.1722810170.20200322194859750610.1003000225002.png,,3,,,,Yes,test,COVID-19
Figure1-COVID-chestxray-dataset,COVID-00038.jpg,,4,,,,Yes,test,COVID-19
Figure1-COVID-chestxray-dataset,COVID-00022.jpg,,2,,,,Yes,test,COVID-19
Figure1-COVID-chestxray-dataset,COVID-00032.jpg,,4,,,,Yes,test,COVID-19
chest_xray_normal,IM-0664-0001.png,,0,0.0,,,Yes,test,Normal
chest_xray_normal,IM-0308-0001.png,,0,0.0,,,Yes,test,Normal
chest_xray_normal,NORMAL2-IM-0683-0001.png,,0,0.0,,,Yes,test,Normal
chest_xray_normal,IM-0531-0001.png,,0,0.0,,,Yes,test,Normal
chest_xray_normal,NORMAL2-IM-1269-0001-0001.png,,0,0.0,,,Yes,test,Normal
chest_xray_normal,NORMAL2-IM-0206-0001.png,,0,0.0,,,Yes,test,Normal
chest_xray_normal,NORMAL2-IM-0523-0001.png,,0,0.0,,,Yes,test,Normal
chest_xray_normal,IM-0282-0001.png,,0,0.0,,,Yes,test,Normal
chest_xray_normal,NORMAL2-IM-1294-0001.png,,0,0.0,,,Yes,test,Normal
chest_xray_normal,NORMAL2-IM-0668-0001.png,,0,0.0,,,Yes,test,Normal
chest_xray_normal,NORMAL2-IM-0780-0001.png,,0,0.0,,,Yes,test,Normal
chest_xray_normal,NORMAL2-IM-0642-0001.png,,0,0.0,,,Yes,test,Normal
chest_xray_normal,IM-0253-0001.png,,0,0.0,,,Yes,test,Normal
chest_xray_normal,NORMAL2-IM-0129-0001.png,,0,0.0,,,Yes,test,Normal
chest_xray_normal,IM-0524-0001.png,,0,0.0,,,Yes,test,Normal
chest_xray_normal,NORMAL2-IM-0906-0001.png,,0,0.0,,,Yes,test,Normal
chest_xray_normal,NORMAL2-IM-0589-0001.png,,0,0.0,,,Yes,test,Normal
chest_xray_normal,NORMAL2-IM-0394-0001.png,,0,0.0,,,Yes,test,Normal
chest_xray_normal,IM-0746-0001.png,,0,0.0,,,Yes,test,Normal
chest_xray_normal,NORMAL2-IM-0899-0001.png,,0,0.0,,,Yes,test,Normal
chest_xray_normal,IM-0220-0001.png,,0,0.0,,,Yes,test,Normal
chest_xray_normal,IM-0702-0001.png,,0,0.0,,,Yes,test,Normal
chest_xray_normal,IM-0341-0001.png,,0,0.0,,,Yes,test,Normal
chest_xray_normal,NORMAL2-IM-1067-0001-0001.png,,0,0.0,,,Yes,test,Normal
chest_xray_normal,NORMAL2-IM-1385-0001.png,,0,0.0,,,Yes,test,Normal
chest_xray_normal,IM-0210-0001.png,,0,0.0,,,Yes,test,Normal
chest_xray_normal,NORMAL2-IM-1396-0001.png,,0,0.0,,,Yes,test,Normal
chest_xray_normal,IM-0608-0001-0001.png,,0,0.0,,,Yes,test,Normal
chest_xray_normal,IM-0529-0001.png,,0,0.0,,,Yes,test,Normal
chest_xray_normal,IM-0214-0001.png,,0,0.0,,,Yes,test,Normal
chest_xray_normal,NORMAL2-IM-1142-0001-0001.png,,0,0.0,,,Yes,test,Normal
chest_xray_normal,IM-0446-0001.png,,0,0.0,,,Yes,test,Normal
chest_xray_normal,NORMAL2-IM-0587-0001-0002.png,,0,0.0,,,Yes,test,Normal
chest_xray_normal,IM-0469-0001.png,,0,0.0,,,Yes,test,Normal
chest_xray_normal,NORMAL2-IM-1371-0001.png,,0,0.0,,,Yes,test,Normal
chest_xray_normal,NORMAL2-IM-1102-0001-0002.png,,0,0.0,,,Yes,test,Normal
chest_xray_normal,IM-0533-0001-0002.png,,0,0.0,,,Yes,test,Normal
chest_xray_normal,NORMAL2-IM-1243-0001.png,,0,0.0,,,Yes,test,Normal
chest_xray_normal,NORMAL2-IM-0936-0001.png,,0,0.0,,,Yes,test,Normal
chest_xray_normal,NORMAL2-IM-0539-0001.png,,0,0.0,,,Yes,test,Normal
chest_xray_normal,IM-0588-0001.png,,0,0.0,,,Yes,test,Normal
chest_xray_normal,NORMAL2-IM-0096-0001.png,,0,0.0,,,Yes,test,Normal
chest_xray_normal,IM-0608-0001.png,,0,0.0,,,Yes,test,Normal
chest_xray_normal,NORMAL2-IM-0851-0001.png,,0,0.0,,,Yes,test,Normal
covid-chestxray-dataset,53c9be49.jpg,,,,,,Yes,test,COVID-19
covid-chestxray-dataset,82a78c13.jpg,,,,,,Yes,test,COVID-19
covid-chestxray-dataset,covid-19-caso-86-RX-Torace-2.jpg,,,,,,Yes,test,COVID-19
covid-chestxray-dataset,701_2020_4374_Fig2_HTML.png,,,,,,Yes,test,COVID-19
covid-chestxray-dataset,kjr-21-e24-g003-l-a.jpg,,,,,,No,test,COVID-19
covid-chestxray-dataset,fx1_lrg.jpg,,3,,,,Yes,test,COVID-19
covid-chestxray-dataset,1-s2.0-S1341321X20301124-gr3_lrg-c.png,,5,,,,Yes,test,COVID-19
covid-chestxray-dataset,16953_4_1.jpg,,,,,,No,test,COVID-19
covid-chestxray-dataset,16708_4_1.jpg,,4,,,,Yes,test,COVID-19
covid-chestxray-dataset,1-s2.0-S2531043720300921-gr1.png,,,,,,No,test,COVID-19
covid-chestxray-dataset,90070cbc.jpg,,,,,,Yes,test,COVID-19
covid-chestxray-dataset,nejmoa2001191_f5-PA.jpeg,,,,,,Yes,test,COVID-19
covid-chestxray-dataset,covid-19-pneumonia-12.jpg,,,,,,Yes,test,COVID-19
covid-chestxray-dataset,covid-19-pneumonia-evolution-over-a-week-1-day6.jpg,,,,,,Yes,test,COVID-19
covid-chestxray-dataset,figure1-5e7c1b8d98c29ab001275405-98-later.jpeg,,,,,,Yes,test,COVID-19
covid-chestxray-dataset,40779_2020_233_Fig2_HTML-a.png,,,,,,No,test,COVID-19
covid-chestxray-dataset,1-s2.0-S0378603X1500248X-gr4c.jpg,,,,,,No,test,COVID-19
covid-chestxray-dataset,paving.jpg,,,,,,No,test,COVID-19
covid-chestxray-dataset,11547_2020_1202_Fig1_HTML-a.png,,4,,,,Yes,test,COVID-19
covid-chestxray-dataset,kjr-21-e24-g002-l-a.jpg,,,,,,No,test,COVID-19
covid-chestxray-dataset,lancet-case2b.jpg,,,,,,Yes,test,COVID-19
covid-chestxray-dataset,865336ed.jpg,,,,,,Yes,test,COVID-19
covid-chestxray-dataset,1-s2.0-S0378603X1500248X-gr3d.jpg,,,,,,No,test,COVID-19
covid-chestxray-dataset,ryct.2020200028.fig1a.jpeg,,,,,,Yes,test,COVID-19
covid-chestxray-dataset,covid-19-pneumonia-43-day0.jpeg,,,,,,Yes,test,COVID-19
covid-chestxray-dataset,1141cc2b8b9cc394becce5d978b5a7_jumbo.jpeg,,4,,,,Yes,test,COVID-19
covid-chestxray-dataset,7E335538-2F86-424E-A0AB-6397783A38D0.jpeg,,,,,,Yes,test,COVID-19
covid-chestxray-dataset,1-s2.0-S0140673620303706-fx1_lrg.jpg,,3,,,,Yes,test,COVID-19
covid-chestxray-dataset,296_2020_4584_Fig2_HTML-a.png,,,,,,Yes,test,COVID-19
covid-chestxray-dataset,16747_2_1.jpg,,5,,,,Yes,test,COVID-19
covid-chestxray-dataset,1-s2.0-S2387020620301959-gr4_lrg-c.png,,,,,,No,test,COVID-19
covid-chestxray-dataset,SARS-10.1148rg.242035193-g04mr34g09c-Fig9c-day27.jpeg,,,,,,Yes,test,COVID-19
covid-chestxray-dataset,16664_1_1.jpg,,2,,,,Yes,test,COVID-19
covid-chestxray-dataset,f6575117.jpg,,,,,,Yes,test,COVID-19
covid-chestxray-dataset,78b60346d1b3bce85353b6dc462d75_jumbo.jpeg,,,,,,Yes,test,COVID-19
covid-chestxray-dataset,SARS-10.1148rg.242035193-g04mr34g04a-Fig4a-day7.jpeg,,,,,,Yes,test,COVID-19
covid-chestxray-dataset,covid-19-pneumonia-20-pa-on-admission.jpg,,,,,,Yes,test,COVID-19
COVID-19-Radiography-Database,COVID-19 (36).png,,,,,,Yes,test,COVID-19
COVID-19-Radiography-Database,COVID-19 (37).png,,,,,,Yes,test,COVID-19
COVID-19-Radiography-Database,COVID-19 (86).png,,,,,,Yes,test,COVID-19
COVID-19-Radiography-Database,COVID-19 (22).png,,,,,,Yes,test,COVID-19
COVID-19-Radiography-Database,COVID-19(198).png,,,,,,Yes,test,COVID-19
COVID-19-Radiography-Database,COVID-19 (69).png,,,,,,Yes,test,COVID-19
COVID-19-Radiography-Database,COVID-19(164).png,,,,,,Yes,test,COVID-19
COVID-19-Radiography-Database,COVID-19(166).png,,,,,,Yes,test,COVID-19
